feature,importancia
duracao_mirando_oculto_max,0.9857126760794733
distancia_alvo_media,0.014285772880049518
jitter_medio,1.5510404767435015e-06
aceleracao_max,3.3090639561502367e-16
aceleracao_media,0.0
vel_posicao_max,0.0
vel_posicao_media,0.0
vel_rotacao_std,0.0
vel_rotacao_max,0.0
vel_rotacao_media,0.0
eficiencia_trajeto_media,0.0
variacao_camera_media,0.0
angulo_alvo_medio,0.0
angulo_alvo_min,0.0
entropia_media,0.0
distancia_alvo_max,0.0
taxa_alvo_encontrado,0.0
taxa_visao_direta,0.0
taxa_alvo_na_mira,0.0
taxa_alvo_oculto,0.0
taxa_mirando_alvo,0.0
taxa_mira_oculta,0.0
duracao_rastreando_oculto_max,0.0
