"arquivo_csv","partida_id","jogador_sessao","inicio_s","fim_s","rotulo_real","jogador_global"
"par1plyr2.csv","partida_2players1hacker","1","0","470","normal","jogador_a"
"par1plyr2.csv","partida_2players1hacker","1","480","560","esp","jogador_a"
"par1plyr2.csv","partida_2players1hacker","1","580","625","normal","jogador_a"
"par1plyr2.csv","partida_2players1hacker","2","0","627","normal","jogador_b"
"par2plyr2h.csv","par2plyr2h","1","0","1245","normal","jogador_par2_1"
"par2plyr2h.csv","par2plyr2h","2","0","669","normal","jogador_par2_2"
"par2plyr2h.csv","par2plyr2h","2","670","710","esp","jogador_par2_2"
"par2plyr2h.csv","par2plyr2h","2","711","769","normal","jogador_par2_2"
"par2plyr2h.csv","par2plyr2h","2","770","790","esp","jogador_par2_2"
"par2plyr2h.csv","par2plyr2h","2","791","843","normal","jogador_par2_2"
"../datasets/par3plyr3n_janelas.csv","par3plyr3n","1","0.000","1884.197","normal","jogador_par3n_1"
"../datasets/par3plyr3n_janelas.csv","par3plyr3n","2","0.000","219.444","normal","jogador_par3n_2"
"../datasets/par3plyr3n_janelas.csv","par3plyr3n","2","230.446","429.998","normal","jogador_par3n_2"
"../datasets/par3plyr3n_janelas.csv","par3plyr3n","2","440.240","1709.761","normal","jogador_par3n_2"
"../datasets/par3plyr3n_janelas.csv","par3plyr3n","3","0.000","59.842","normal","jogador_par3n_3"
"../datasets/par3plyr3n_janelas.csv","par3plyr3n","3","70.842","909.420","normal","jogador_par3n_3"
"../datasets/par3plyr3n_janelas.csv","par3plyr3n","3","920.432","1485.160","normal","jogador_par3n_3"
"../datasets/par3plyr3r_janelas.csv","par3plyr3r","1","0.000","869.467","normal","jogador_par3r_1"
"../datasets/par3plyr3r_janelas.csv","par3plyr3r","1","880.701","1069.223","normal","jogador_par3r_1"
"../datasets/par3plyr3r_janelas.csv","par3plyr3r","1","1142.764","1159.908","normal","jogador_par3r_1"
"../datasets/par3plyr3r_janelas.csv","par3plyr3r","1","1170.915","1239.879","normal","jogador_par3r_1"
"../datasets/par3plyr3r_janelas.csv","par3plyr3r","1","1250.651","1325.363","normal","jogador_par3r_1"
"../datasets/par3plyr3r_janelas.csv","par3plyr3r","1","1391.442","1409.588","normal","jogador_par3r_1"
"../datasets/par3plyr3r_janelas.csv","par3plyr3r","1","1420.791","1559.833","normal","jogador_par3r_1"
"../datasets/par3plyr3r_janelas.csv","par3plyr3r","1","1570.284","1893.684","normal","jogador_par3r_1"
"../datasets/par3plyr3r_janelas.csv","par3plyr3r","1","1910.394","2124.030","normal","jogador_par3r_1"
"../datasets/par3plyr3r_janelas.csv","par3plyr3r","2","0.000","929.281","normal","jogador_par3r_2"
"../datasets/par3plyr3r_janelas.csv","par3plyr3r","2","940.370","979.758","normal","jogador_par3r_2"
"../datasets/par3plyr3r_janelas.csv","par3plyr3r","2","990.805","1868.977","normal","jogador_par3r_2"
"../datasets/par3plyr3r_janelas.csv","par3plyr3r","2","1876.926","1949.814","normal","jogador_par3r_2"
"../datasets/par3plyr3r_janelas.csv","par3plyr3r","2","1960.843","2365.206","normal","jogador_par3r_2"
"../datasets/par3plyr3r_janelas.csv","par3plyr3r","2","2375.056","2539.366","normal","jogador_par3r_2"
"../datasets/par3plyr3r_janelas.csv","par3plyr3r","2","2550.532","2648.330","normal","jogador_par3r_2"
"../datasets/par3plyr3r_janelas.csv","par3plyr3r","2","2691.039","2769.134","normal","jogador_par3r_2"
"../datasets/par3plyr3r_janelas.csv","par3plyr3r","2","2780.474","2920.207","normal","jogador_par3r_2"
"../datasets/par3plyr3r_janelas.csv","par3plyr3r","3","0.000","170.869","normal","jogador_par3r_3"
"../datasets/par3plyr3r_janelas.csv","par3plyr3r","3","496.441","519.500","normal","jogador_par3r_3"
"../datasets/par3plyr3r_janelas.csv","par3plyr3r","3","530.518","1287.935","normal","jogador_par3r_3"
"../datasets/par3plyr3r_janelas.csv","par3plyr3r","3","1300.531","1518.980","normal","jogador_par3r_3"
"../datasets/par3plyr3r_janelas.csv","par3plyr3r","3","1550.277","1559.141","normal","jogador_par3r_3"
"../datasets/par3plyr3r_janelas.csv","par3plyr3r","3","1560.138","1568.892","esp","jogador_par3r_3"
"../datasets/par3plyr3r_janelas.csv","par3plyr3r","3","1570.035","1589.503","normal","jogador_par3r_3"
"../datasets/par3plyr3r_janelas.csv","par3plyr3r","3","1590.500","1609.595","esp","jogador_par3r_3"
"../datasets/par3plyr3r_janelas.csv","par3plyr3r","3","1610.601","1648.356","normal","jogador_par3r_3"
"../datasets/par3plyr3r_janelas.csv","par3plyr3r","3","1656.311","1839.560","normal","jogador_par3r_3"
"../datasets/par3plyr3r_janelas.csv","par3plyr3r","3","1860.940","1869.950","esp","jogador_par3r_3"
"../datasets/par3plyr3r_janelas.csv","par3plyr3r","3","1880.969","2144.588","normal","jogador_par3r_3"
"../datasets/par3plyr3r_janelas.csv","par3plyr3r","3","2154.442","2699.591","normal","jogador_par3r_3"
