vel_posicao,acel_linear,vel_rotacao,jitter_mira,entropia_mov,eficiencia_trajeto,travado_em_player,perseguindo_player,mirando,alerta_speedhack,alerta_aimbot,alerta_lockon,alerta_esp_player
0.0,0.0,0.0,0.0,0.0,0.0,0.0,0,0,0,0,0,0
0.0,0.0,0.0,0.0,0.0,0.0,0.0,0,0,0,0,0,0
0.0,0.0,0.0,0.0,0.0,0.0,0.0,0,0,0,0,0,0
0.0,0.0,0.0,0.0,0.0,0.0,0.0,0,0,0,0,0,0
0.0,0.0,0.0,0.0,0.0,0.0,0.0,0,0,0,0,0,0
0.0,0.0,0.0,0.0,0.0,0.0,0.0,0,0,0,0,0,0
0.0,0.0,0.0,0.0,0.0,0.0,0.0,0,0,0,0,0,0
0.0,0.0,0.0,0.0,0.0,0.0,0.0,0,0,0,0,0,0
0.0,0.0,0.0,0.0,0.0,0.0,0.0,0,0,0,0,0,0
0.0,0.0,0.0,0.0,0.0,0.0,0.0,0,0,0,0,0,0
0.0,0.0,0.0,0.0,0.0,0.0,0.0,0,0,0,0,0,0
0.0,0.0,0.0,0.0,0.0,0.0,0.0,0,0,0,0,0,0
0.0,0.0,0.0,0.0,0.0,0.0,0.0,0,0,0,0,0,0
0.0,0.0,0.0,0.0,0.0,0.0,0.0,0,0,0,0,0,0
0.0,0.0,0.0,0.0,0.0,0.0,0.0,0,0,0,0,0,0
0.0,0.0,0.0,0.0,0.0,0.0,0.0,0,0,0,0,0,0
0.0,0.0,0.0,0.0,0.0,0.0,0.0,0,0,0,0,0,0
0.0,0.0,0.0,0.0,0.0,0.0,0.0,0,0,0,0,0,0
0.0,0.0,0.0,0.0,0.0,0.0,0.0,0,0,0,0,0,0
0.0,0.0,0.0,0.0,0.0,0.0,0.0,0,0,0,0,0,0
0.0,0.0,0.0,0.0,0.0,0.0,0.0,0,0,0,0,0,0
0.0,0.0,0.0,0.0,0.0,0.0,0.0,0,0,0,0,0,0
0.0,0.0,0.0,0.0,0.0,0.0,0.0,0,0,0,0,0,0
0.0,0.0,0.0,0.0,0.0,0.0,0.0,0,0,0,0,0,0
0.0,0.0,0.0,0.0,0.0,0.0,0.0,0,0,0,0,0,0
0.0,0.0,0.0,0.0,0.0,0.0,0.0,0,0,0,0,0,0
0.0,0.0,0.0,0.0,0.0,0.0,0.0,0,0,0,0,0,0
0.0,0.0,0.0,0.0,0.0,0.0,0.0,0,0,0,0,0,0
0.0,0.0,0.0,0.0,0.0,0.0,0.0,0,0,0,0,0,0
0.0,0.0,0.0,0.0,0.0,0.0,0.0,0,0,0,0,0,0
0.0,0.0,0.0,0.0,0.0,0.0,0.0,0,0,0,0,0,0
0.0,0.0,0.0,0.0,0.0,0.0,0.0,0,0,0,0,0,0
0.0,0.0,0.0,0.0,0.0,0.0,0.0,0,0,0,0,0,0
0.0,0.0,0.0,0.0,0.0,0.0,0.0,0,0,0,0,0,0
0.0,0.0,0.0,0.0,0.0,0.0,0.0,0,0,0,0,0,0
0.0,0.0,0.0,0.0,0.0,0.0,0.0,0,0,0,0,0,0
0.0,0.0,0.0,0.0,0.0,0.0,0.0,0,0,0,0,0,0
0.0,0.0,0.0,0.0,0.0,0.0,0.0,0,0,0,0,0,0
0.0,0.0,0.0,0.0,0.0,0.0,0.0,0,0,0,0,0,0
0.0,0.0,0.0,0.0,0.0,0.0,0.0,0,0,0,0,0,0
0.0,0.0,0.0,0.0,0.0,0.0,0.0,0,0,0,0,0,0
0.0,0.0,0.0,0.0,0.0,0.0,0.0,0,0,0,0,0,0
0.0,0.0,0.0,0.0,0.0,0.0,0.0,0,0,0,0,0,0
0.0,0.0,0.0,0.0,0.0,0.0,0.0,0,0,0,0,0,0
0.0,0.0,0.0,0.0,0.0,0.0,0.0,0,0,0,0,0,0
0.0,0.0,0.0,0.0,0.0,0.0,0.0,0,0,0,0,0,0
0.0,0.0,0.0,0.0,0.0,0.0,0.0,0,0,0,0,0,0
0.0,0.0,0.0,0.0,0.0,0.0,0.0,0,0,0,0,0,0
0.0,0.0,0.0,0.0,0.0,0.0,0.0,0,0,0,0,0,0
0.0,0.0,0.0,0.0,0.0,0.0,0.0,0,0,0,0,0,0
0.0,0.0,0.0,0.0,0.0,0.0,0.0,0,0,0,0,0,0
0.0,0.0,0.0,0.0,0.0,0.0,0.0,0,0,0,0,0,0
0.0,0.0,0.0,0.0,0.0,0.0,0.0,0,0,0,0,0,0
0.0,0.0,0.0,0.0,0.0,0.0,0.0,0,0,0,0,0,0
0.0,0.0,0.0,0.0,0.0,0.0,0.0,0,0,0,0,0,0
0.0,0.0,0.0,0.0,0.0,0.0,0.0,0,0,0,0,0,0
0.0,0.0,0.0,0.0,0.0,0.0,0.0,0,0,0,0,0,0
0.0,0.0,0.0,0.0,0.0,0.0,0.0,0,0,0,0,0,0
0.0,0.0,0.0,0.0,0.0,0.0,0.0,0,0,0,0,0,0
0.0,0.0,0.0,0.0,0.0,0.0,0.0,0,0,0,0,0,0
0.0,0.0,0.0,0.0,0.0,0.0,0.0,0,0,0,0,0,0
0.0,0.0,0.0,0.0,0.0,0.0,0.0,0,0,0,0,0,0
0.0,0.0,0.0,0.0,0.0,0.0,0.0,0,0,0,0,0,0
0.0,0.0,0.0,0.0,0.0,0.0,0.0,0,0,0,0,0,0
0.0,0.0,0.0,0.0,0.0,0.0,0.0,0,0,0,0,0,0
0.0,0.0,0.0,0.0,0.0,0.0,0.0,0,0,0,0,0,0
0.0,0.0,0.0,0.0,0.0,0.0,0.0,0,0,0,0,0,0
0.0,0.0,0.0,0.0,0.0,0.0,0.0,0,0,0,0,0,0
0.0,0.0,0.0,0.0,0.0,0.0,0.0,0,0,0,0,0,0
0.0,0.0,0.0,0.0,0.0,0.0,0.0,0,0,0,0,0,0
0.0,0.0,0.0,0.0,0.0,0.0,0.0,0,0,0,0,0,0
0.0,0.0,0.0,0.0,0.0,0.0,0.0,0,0,0,0,0,0
0.0,0.0,0.0,0.0,0.0,0.0,0.0,0,0,0,0,0,0
0.0,0.0,0.0,0.0,0.0,0.0,0.0,0,0,0,0,0,0
0.0,0.0,0.0,0.0,0.0,0.0,0.0,0,0,0,0,0,0
0.0,0.0,0.0,0.0,0.0,0.0,0.0,0,0,0,0,0,0
0.0,0.0,0.0,0.0,0.0,0.0,0.0,0,0,0,0,0,0
0.0,0.0,0.0,0.0,0.0,0.0,0.0,0,0,0,0,0,0
0.0,0.0,0.0,0.0,0.0,0.0,0.0,0,0,0,0,0,0
0.0,0.0,0.0,0.0,0.0,0.0,0.0,0,0,0,0,0,0
0.0,0.0,0.0,0.0,0.0,0.0,0.0,0,0,0,0,0,0
0.0,0.0,0.0,0.0,0.0,0.0,0.0,0,0,0,0,0,0
0.0,0.0,0.0,0.0,0.0,0.0,0.0,0,0,0,0,0,0
0.0,0.0,0.0,0.0,0.0,0.0,0.0,0,0,0,0,0,0
0.0,0.0,0.0,0.0,0.0,0.0,0.0,0,0,0,0,0,0
0.0,0.0,0.0,0.0,0.0,0.0,0.0,0,0,0,0,0,0
0.0,0.0,0.0,0.0,0.0,0.0,0.0,0,0,0,0,0,0
0.0,0.0,0.0,0.0,0.0,0.0,0.0,0,0,0,0,0,0
0.0,0.0,0.0,0.0,0.0,0.0,0.0,0,0,0,0,0,0
0.0,0.0,0.0,0.0,0.0,0.0,0.0,0,0,0,0,0,0
0.0,0.0,0.0,0.0,0.0,0.0,0.0,0,0,0,0,0,0
0.0,0.0,0.0,0.0,0.0,0.0,0.0,0,0,0,0,0,0
0.0,0.0,0.0,0.0,0.0,0.0,0.0,0,0,0,0,0,0
0.0,0.0,0.0,0.0,0.0,0.0,0.0,0,0,0,0,0,0
0.0,0.0,0.0,0.0,0.0,0.0,0.0,0,0,0,0,0,0
0.0,0.0,0.0,0.0,0.0,0.0,0.0,0,0,0,0,0,0
0.0,0.0,0.0,0.0,0.0,0.0,0.0,0,0,0,0,0,0
0.0,0.0,0.0,0.0,0.0,0.0,0.0,0,0,0,0,0,0
0.0,0.0,0.0,0.0,0.0,0.0,0.0,0,0,0,0,0,0
0.0,0.0,0.0,0.0,0.0,0.0,0.0,0,0,0,0,0,0
0.0,0.0,0.0,0.0,0.0,0.0,0.0,0,0,0,0,0,0
0.0,0.0,0.0,0.0,0.0,0.0,0.0,0,0,0,0,0,0
0.0,0.0,0.0,0.0,0.0,0.0,0.0,0,0,0,0,0,0
0.0,0.0,0.0,0.0,0.0,0.0,0.0,0,0,0,0,0,0
0.0,0.0,0.0,0.0,0.0,0.0,0.0,0,0,0,0,0,0
0.0,0.0,0.0,0.0,0.0,0.0,0.0,0,0,0,0,0,0
0.0,0.0,0.0,0.0,0.0,0.0,0.0,0,0,0,0,0,0
0.0,0.0,0.0,0.0,0.0,0.0,0.0,0,0,0,0,0,0
0.0,0.0,0.0,0.0,0.0,0.0,0.0,0,0,0,0,0,0
0.0,0.0,0.0,0.0,0.0,0.0,0.0,0,0,0,0,0,0
0.0,0.0,0.0,0.0,0.0,0.0,0.0,0,0,0,0,0,0
0.0,0.0,0.0,0.0,0.0,0.0,0.0,0,0,0,0,0,0
0.0,0.0,0.0,0.0,0.0,0.0,0.0,0,0,0,0,0,0
0.0,0.0,0.0,0.0,0.0,0.0,0.0,0,0,0,0,0,0
0.0,0.0,0.0,0.0,0.0,0.0,0.0,0,0,0,0,0,0
0.0,0.0,0.0,0.0,0.0,0.0,0.0,0,0,0,0,0,0
0.0,0.0,0.0,0.0,0.0,0.0,0.0,0,0,0,0,0,0
0.0,0.0,0.0,0.0,0.0,0.0,0.0,0,0,0,0,0,0
0.0,0.0,0.0,0.0,0.0,0.0,0.0,0,0,0,0,0,0
0.0,0.0,0.0,0.0,0.0,0.0,0.0,0,0,0,0,0,0
0.0,0.0,0.0,0.0,0.0,0.0,0.0,0,0,0,0,0,0
0.0,0.0,0.0,0.0,0.0,0.0,0.0,0,0,0,0,0,0
0.0,0.0,0.0,0.0,0.0,0.0,0.0,0,0,0,0,0,0
0.0,0.0,0.0,0.0,0.0,0.0,0.0,0,0,0,0,0,0
0.0,0.0,0.0,0.0,0.0,0.0,0.0,0,0,0,0,0,0
0.0,0.0,0.0,0.0,0.0,0.0,0.0,0,0,0,0,0,0
0.0,0.0,0.0,0.0,0.0,0.0,0.0,0,0,0,0,0,0
0.0,0.0,0.0,0.0,0.0,0.0,0.0,0,0,0,0,0,0
0.0,0.0,0.0,0.0,0.0,0.0,0.0,0,0,0,0,0,0
0.0,0.0,0.0,0.0,0.0,0.0,0.0,0,0,0,0,0,0
0.0,0.0,0.0,0.0,0.0,0.0,0.0,0,0,0,0,0,0
0.0,0.0,0.0,0.0,0.0,0.0,0.0,0,0,0,0,0,0
0.0,0.0,0.0,0.0,0.0,0.0,0.0,0,0,0,0,0,0
0.0,0.0,0.0,0.0,0.0,0.0,0.0,0,0,0,0,0,0
0.0,0.0,0.0,0.0,0.0,0.0,0.0,0,0,0,0,0,0
0.0,0.0,0.0,0.0,0.0,0.0,0.0,0,0,0,0,0,0
0.0,0.0,0.0,0.0,0.0,0.0,0.0,0,0,0,0,0,0
0.0,0.0,0.0,0.0,0.0,0.0,0.0,0,0,0,0,0,0
0.0,0.0,0.0,0.0,0.0,0.0,0.0,0,0,0,0,0,0
0.0,0.0,0.0,0.0,0.0,0.0,0.0,0,0,0,0,0,0
0.0,0.0,0.0,0.0,0.0,0.0,0.0,0,0,0,0,0,0
0.0,0.0,0.0,0.0,0.0,0.0,0.0,0,0,0,0,0,0
0.0,0.0,0.0,0.0,0.0,0.0,0.0,0,0,0,0,0,0
0.0,0.0,0.0,0.0,0.0,0.0,0.0,0,0,0,0,0,0
0.0,0.0,0.0,0.0,0.0,0.0,0.0,0,0,0,0,0,0
0.0,0.0,0.0,0.0,0.0,0.0,0.0,0,0,0,0,0,0
0.0,0.0,0.0,0.0,0.0,0.0,0.0,0,0,0,0,0,0
0.0,0.0,0.0,0.0,0.0,0.0,0.0,0,0,0,0,0,0
0.0,0.0,0.0,0.0,0.0,0.0,0.0,0,0,0,0,0,0
0.0,0.0,0.0,0.0,0.0,0.0,0.0,0,0,0,0,0,0
0.0,0.0,0.0,0.0,0.0,0.0,0.0,0,0,0,0,0,0
0.0,0.0,0.0,0.0,0.0,0.0,0.0,0,0,0,0,0,0
0.0,0.0,0.0,0.0,0.0,0.0,0.0,0,0,0,0,0,0
0.0,0.0,0.0,0.0,0.0,0.0,0.0,0,0,0,0,0,0
0.0,0.0,0.0,0.0,0.0,0.0,0.0,0,0,0,0,0,0
0.0,0.0,0.0,0.0,0.0,0.0,0.0,0,0,0,0,0,0
0.0,0.0,0.0,0.0,0.0,0.0,0.0,0,0,0,0,0,0
0.0,0.0,0.0,0.0,0.0,0.0,0.0,0,0,0,0,0,0
0.0,0.0,0.0,0.0,0.0,0.0,0.0,0,0,0,0,0,0
0.0,0.0,0.0,0.0,0.0,0.0,0.0,0,0,0,0,0,0
0.0,0.0,0.0,0.0,0.0,0.0,0.0,0,0,0,0,0,0
0.0,0.0,0.0,0.0,0.0,0.0,0.0,0,0,0,0,0,0
0.0,0.0,0.0,0.0,0.0,0.0,0.0,0,0,0,0,0,0
0.0,0.0,0.0,0.0,0.0,0.0,0.0,0,0,0,0,0,0
0.0,0.0,0.0,0.0,0.0,0.0,0.0,0,0,0,0,0,0
0.0,0.0,0.0,0.0,0.0,0.0,0.0,0,0,0,0,0,0
0.0,0.0,0.0,0.0,0.0,0.0,0.0,0,0,0,0,0,0
0.0,0.0,0.7211114920809252,0.7211114920809252,0.32249086312985,0.0,0.0,0,0,0,0,0,0
0.0,0.0,0.0,0.7211114920809252,0.32249086312985,0.0,0.0,0,0,0,0,0,0
0.0,0.0,0.0,0.0,0.32249086312985,0.0,0.0,0,0,0,0,0,0
0.0,0.0,0.0,0.0,0.32249086312985,0.0,0.0,0,0,0,0,0,0
0.0,0.0,0.0,0.0,0.32249086312985,0.0,0.0,0,0,0,0,0,0
0.0,0.0,0.0,0.0,0.0,0.0,0.0,0,0,0,0,0,0
0.0,0.0,0.0,0.0,0.0,0.0,0.0,0,0,0,0,0,0
0.0,0.0,0.0,0.0,0.0,0.0,0.0,0,0,0,0,0,0
0.0,0.0,0.0,0.0,0.0,0.0,0.0,0,0,0,0,0,0
0.0,0.0,0.0,0.0,0.0,0.0,0.0,0,0,0,0,0,0
0.0,0.0,0.0,0.0,0.0,0.0,0.0,0,0,0,0,0,0
0.0,0.0,0.0,0.0,0.0,0.0,0.0,0,0,0,0,0,0
0.0,0.0,0.0,0.0,0.0,0.0,0.0,0,0,0,0,0,0
0.0,0.0,0.0,0.0,0.0,0.0,0.0,0,0,0,0,0,0
0.0,0.0,0.0,0.0,0.0,0.0,0.0,0,0,0,0,0,0
0.0,0.0,0.0,0.0,0.0,0.0,0.0,0,0,0,0,0,0
0.0,0.0,0.0,0.0,0.0,0.0,0.0,0,0,0,0,0,0
0.0,0.0,0.0,0.0,0.0,0.0,0.0,0,0,0,0,0,0
0.30675723300364355,0.30675723300364355,1.5599520999456722,1.5599520999456722,0.6976317874244138,1.0,0.0,0,0,0,0,0,0
0.17204650534133042,-0.13471072766231312,2.0150029550883315,0.4550508551426593,0.9921727085085774,0.8980715177509323,0.0,0,0,0,0,0,0
3.3440095693645318,3.1719630640232013,0.8303232933407196,1.1846796617476119,0.9085467474588159,0.7874825167702992,0.0,0,0,0,0,0,0
2.1759825366949057,-1.168027032669626,0.7456362192299297,0.0846870741107899,0.7798579084485419,0.7386226394754337,0.0,0,0,0,0,0,0
0.2828427124737186,-1.893139824221187,0.05054950062720165,0.6950867186027281,0.7633163117973354,0.7471006243464092,0.0,0,0,0,0,0,0
3.2924762717449694,3.0096335592712506,0.7170558137477825,0.6665063131205808,0.7111520093891055,0.720841588725934,0.0,0,0,0,0,0,0
3.600055555127259,0.3075792833822897,0.2941345265774429,0.4229212871703396,0.3380672931328027,0.7970661822355467,0.0,0,0,0,0,0,0
2.438360104660856,-1.1616954504664032,1.9784383146368176,1.6843037880593748,0.7427908272018889,0.5837147965098634,0.0,0,0,0,0,0,0
4.031240503864539,1.592880399203683,0.7944805759578005,1.183957738679017,0.7429225135704431,0.5503581787079288,0.0,0,0,0,0,0,0
3.171576894858539,-0.8596636090059997,1.279457447445408,0.4849768714876074,0.6432673566886825,0.5597842224885563,0.0,0,0,0,0,0,0
3.5369619732194213,0.3653850783608821,0.8815385393046116,0.39791890814079633,0.6284015659303709,0.4202895065091286,0.0,0,0,0,0,0,0
3.569257625892856,0.032295652673434816,0.010765280719151393,0.8707732585854602,0.7193195786052003,0.2864568103762905,0.0,0,0,0,0,0,0
6.201967429776151,2.6327098038832952,0.13389948777036345,0.12313420705121206,0.5341326265759275,0.22776740959619463,0.0,0,0,0,0,0,0
6.600030302961103,0.39806287318495137,0.3494266902324635,0.21552720246210003,0.5348756078340003,0.2995354505008543,0.0,0,0,0,0,0,0
6.730854329133,0.13082402617189715,0.1901533150197482,0.15927337521271528,0.3402487982162378,0.351945157214625,0.0,0,0,0,0,0,0
6.5529306420858955,-0.17792368704710437,0.5268880217392424,0.33673470671949424,0.20034015882264145,0.37504871997400463,0.0,0,0,0,0,0,0
4.609945769746258,-1.942984872339638,0.23507565158700425,0.29181237015223815,0.15569079977861597,0.36904525179836123,0.0,0,0,0,0,0,0
1.593141550522166,-3.016804219224092,0.10349678264695905,0.1315788689400452,0.16356396987365987,0.3677163860166634,0.0,0,0,0,0,0,0
0.0,-1.593141550522166,0.0,0.10349678264695905,0.19803871461826966,0.3677163860166634,0.0,0,0,0,0,0,0
0.0,0.0,0.0,0.0,0.22010155228266182,0.3677163860166634,0.0,0,0,0,0,0,0
0.0,0.0,0.0,0.0,0.10373751411941619,0.3724603967614757,0.0,0,0,0,0,0,0
0.0,0.0,0.0,0.0,0.04628516829022428,0.3726408767540731,0.0,0,0,0,0,0,0
0.20615528127986832,0.20615528127986832,0.5727400534822475,0.5727400534822475,0.25613713860463416,0.4111138304566341,0.0,0,0,0,0,0,0
3.5327609599286833,3.326605678648815,1.7585023058745302,1.1857622523922826,0.7637773466490441,0.43594938635272695,0.0,0,0,0,0,0,0
6.562499523809977,3.0297385638812933,0.3297090528117953,1.428793253062735,0.7267972730670077,0.4709041211661232,0.0,0,0,0,0,0,0
6.672810502329333,0.11031097851935634,0.022311427881180013,0.3073976249306153,0.7227702771611916,0.5654484763920237,0.0,0,0,0,0,0,0
6.646322291312554,-0.026488211016778784,0.09984484096303937,0.07753341308185936,0.7054074544888028,0.6774594708158752,0.0,0,0,0,0,0,0
6.609092222083092,-0.03723006922946226,0.4475716321641926,0.34772679120115324,0.7069118324844195,0.6958055986306362,0.0,0,0,0,0,0,0
5.920000000000368,-0.6890922220827242,1.1076207464265992,0.6600491142624066,0.43030884635219235,0.746247170047338,0.0,0,0,0,0,0,0
5.10098029794311,-0.8190197020572576,1.5242174720432375,0.4165967256166383,0.6539963024584777,0.786016951967529,0.0,0,0,0,0,0,0
8.211431056764301,3.110450758821191,0.3330344433193228,1.1911830287239147,0.5924586325576269,0.7960997234264069,0.0,0,0,0,0,0,0
6.7096646712044254,-1.5017663855598755,0.08369013924369317,0.24934430407562963,0.5965961303011126,0.7968356524637757,0.0,0,0,0,0,0,0
4.5131363817182955,-2.19652828948613,2.809627025274145,2.7259368860304516,1.083778691982548,0.7891697298174528,0.0,0,0,0,0,0,0
2.91451539711142,-1.5986209846068755,0.05056986467399183,2.759057160600153,1.1966128427049967,0.7777414459922046,0.0,0,0,0,0,0,0
2.9637982387473585,0.049282841635938546,2.6335937735444466,2.5830239088704547,1.410979746620107,0.7784288863586863,0.0,0,0,0,0,0,0
5.552666026333775,2.588867787586416,0.48041576595194374,2.1531780075925027,1.3901941120409211,0.8390596894345963,0.0,0,0,0,0,0,0
7.0272398564438046,1.47457383011003,0.15716418144692804,0.3232515845050157,1.375603165060735,0.9216901769636602,0.0,0,0,0,0,0,0
5.939730633623241,-1.0875092228205636,0.2628621216576084,0.10569794021068038,1.0831770680557096,0.9516687160206551,0.0,0,0,0,0,0,0
3.372180303601794,-2.567550330021447,0.37125716858690405,0.10839504692929564,1.042590731272362,0.9532954553023147,0.0,0,0,0,0,0,0
0.823650411279006,-2.5485298923227884,0.26156107017972774,0.10969609840717631,0.1231513575432459,0.9526715217725613,0.0,0,0,0,0,0,0
1.9856736892049875,1.1620232779259816,0.7569606484752374,0.4953995782955096,0.23342751098148415,0.9509152109668351,0.0,0,0,0,0,0,0
0.6356886030128681,-1.3499850861921194,2.5828484484851737,1.8258878000099363,0.9914085832947587,0.9376504898509128,0.0,0,0,0,0,0,0
2.8470335438845225,2.2113449408716543,1.7549988723861638,0.8278495760990099,0.9961453528409774,0.9425830439523252,0.0,0,0,0,0,0,0
0.3999999999996362,-2.4470335438848863,0.039714894273815415,1.7152839781123483,1.0689438333463337,0.9549641120082578,0.0,0,0,0,0,0,0
0.0,-0.3999999999996362,0.0,0.039714894273815415,1.1239471560840948,0.9534528386166434,0.0,0,0,0,0,0,0
0.0,0.0,0.0,0.0,1.2165621884282,0.9498617082118249,0.0,0,0,0,0,0,0
0.0,0.0,0.0,0.0,0.780608546913258,0.9453336756366074,0.0,0,0,0,0,0,0
0.0,0.0,0.0,0.0,0.01776104066305734,0.939805783672973,0.0,0,0,0,0,0,0
0.0,0.0,0.0,0.0,0.0,0.9359999739084746,0.0,0,0,0,0,0,0
0.0,0.0,0.0,0.0,0.0,0.9443007842220449,0.0,0,0,0,0,0,0
0.0,0.0,0.0,0.0,0.0,0.9456018055606789,0.0,0,0,0,0,0,0
0.0,0.0,0.0,0.0,0.0,0.9364213767863481,0.0,0,0,0,0,0,0
0.0,0.0,0.0,0.0,0.0,0.9299225233451792,0.0,0,0,0,0,0,0
0.0,0.0,0.0,0.0,0.0,0.925079887635246,0.0,0,0,0,0,0,0
0.0,0.0,0.0,0.0,0.0,0.9334003365025652,0.0,0,0,0,0,0,0
0.0,0.0,0.0,0.0,0.0,0.917521090531257,0.0,0,0,0,0,0,0
0.0,0.0,0.0,0.0,0.0,0.883071786676589,0.0,0,0,0,0,0,0
0.0,0.0,0.0,0.0,0.0,0.829480296447381,0.0,0,0,0,0,0,0
0.0,0.0,0.0,0.0,0.0,0.7549392951298222,0.0,0,0,0,0,0,0
0.0,0.0,0.0,0.0,0.0,0.728733032069905,0.0,0,0,0,0,0,0
0.0,0.0,0.0,0.0,0.0,0.6647866631123233,0.0,0,0,0,0,0,0
0.0,0.0,0.0,0.0,0.0,0.9905834465228935,0.0,0,0,0,0,0,0
0.0,0.0,0.0,0.0,0.0,1.0,0.0,0,0,0,0,0,0
0.0,0.0,0.0,0.0,0.0,0.0,0.0,0,0,0,0,0,0
0.0,0.0,0.0,0.0,0.0,0.0,0.0,0,0,0,0,0,0
0.0,0.0,0.0,0.0,0.0,0.0,0.0,0,0,0,0,0,0
0.0,0.0,0.0,0.0,0.0,0.0,0.0,0,0,0,0,0,0
0.0,0.0,0.0,0.0,0.0,0.0,0.0,0,0,0,0,0,0
0.0,0.0,0.0,0.0,0.0,0.0,0.0,0,0,0,0,0,0
1.6025292509034044,1.6025292509034044,1.76982221220272,1.76982221220272,0.791488554914868,1.0,0.0,0,0,0,0,0,0
2.5079872407969486,0.9054579898935442,1.9361173204889168,0.16629510828619676,1.0166148948237443,0.23003644770896112,0.0,0,0,0,0,0,0
2.38461736972692,-0.12336987107002839,0.05230114014397769,1.8838161803449391,1.0073085127919468,0.4870366839731662,0.0,0,0,0,0,0,0
2.5456629784791978,0.16104560875227758,0.8716516057309589,0.8193504655869812,0.9159902251540347,0.6196365948225665,0.0,0,0,0,0,0,0
1.4645477117524637,-1.081115266726734,0.24212483055169942,0.6295267751792595,0.8594543565248952,0.6343259556780989,0.0,0,0,0,0,0,0
2.600480724789536,1.1359330130370724,0.5652192921860593,0.32309446163435984,0.7414806343855406,0.6654514201301553,0.0,0,0,0,0,0,0
2.887836560472742,0.287355835683206,0.9790204921365848,0.41380119995052556,0.3968394819351683,0.6088670151756417,0.0,0,0,0,0,0,0
5.545051848269643,2.657215287796901,0.01199470289535709,0.9670257892412277,0.4094835571182006,0.4481084038512639,0.0,0,0,0,0,0,0
6.779793507181331,1.2347416589116884,3.6037057320470467e-06,0.011991099189625043,0.4153012278140304,0.4477438030614343,0.0,0,0,0,0,0,0
6.70092530923746,-0.07886819794387101,0.03847534544764131,0.03847174174190926,0.4390205031008922,0.515685602198997,0.0,0,0,0,0,0,0
6.236216801876741,-0.46470850736071956,0.9297008020276919,0.8912254565800506,0.5139941543876807,0.58738812844881,0.0,0,0,0,0,0,0
6.916104394816043,0.679887592939302,0.2489544175885905,0.6807463844391014,0.39553588706132514,0.6435499361823945,0.0,0,0,0,0,0,0
6.61211766380516,-0.303986731010883,0.3141652674303063,0.06521084984171582,0.3733384718142515,0.6479527308697743,0.0,0,0,0,0,0,0
6.734010692002643,0.12189302819748349,8.188197366765237e-05,0.31408338545663866,0.3733224198416007,0.6560905048515867,0.0,0,0,0,0,0,0
6.697320359666276,-0.036690332336367426,0.0,8.188197366765237e-05,0.38054901412523845,0.6673608772308445,0.0,0,0,0,0,1,0
6.691008892535038,-0.006311467131237869,0.1630077451421741,0.1630077451421741,0.1429804671722531,0.6804980585432884,0.0,0,0,0,0,0,0
6.175184207779412,-0.5158246847556258,0.43242954328633715,0.26942179814416306,0.19154731893220267,0.7000687913490122,0.0,0,0,0,0,0,0
2.472023462672094,-3.703160745107318,0.7644273895793894,0.33199784629305223,0.32711815385493515,0.708875804804764,0.0,0,0,0,0,0,0
1.9303885619224455,-0.5416349007496486,1.9483982924096075,1.183970902830218,0.7754436147135177,0.7062114715811738,0.0,0,0,0,0,0,0
2.3362576912653568,0.4058691293429113,0.44301912263424637,1.5053791697753611,0.7028539054057514,0.6939157259654954,0.0,0,0,0,0,0,0
2.0248456731315687,-0.31141201813378805,0.5227322457001107,0.07971312306586431,0.6436303968281198,0.713743866493955,0.0,0,0,0,0,0,0
0.010000000000218279,-2.0148456731313504,0.0,0.5227322457001107,0.7320748357382938,0.7293371063059904,0.0,0,0,0,0,0,0
0.0,-0.010000000000218279,0.0,0.0,0.8011424967719757,0.7594924045379828,0.0,0,0,0,0,0,0
0.0,0.0,0.0,0.0,0.2659792297465924,0.7766216633124396,0.0,0,0,0,0,0,0
0.0,0.0,0.0,0.0,0.23377296708331421,0.7774714981281245,0.0,0,0,0,0,0,0
0.0,0.0,0.0,0.0,0.0,0.7775592359324183,0.0,0,0,0,0,0,0
0.0,0.0,0.0,0.0,0.0,0.7690831676872275,0.0,0,0,0,0,0,0
0.0,0.0,0.0,0.0,0.0,0.7847797224773473,0.0,0,0,0,0,0,0
0.0,0.0,0.0,0.0,0.0,0.8279376769444682,0.0,0,0,0,0,0,0
0.0,0.0,0.0,0.0,0.0,0.8875324943292361,0.0,0,0,0,0,0,0
0.0,0.0,0.0,0.0,0.0,0.9307856420828826,0.0,0,0,0,0,0,0
0.0,0.0,0.0,0.0,0.0,0.9627735273496676,0.0,0,0,0,0,0,0
0.0,0.0,0.0,0.0,0.0,0.9565052826599089,0.0,0,0,0,0,0,0
0.0,0.0,0.0877538611305382,0.0877538611305382,0.03924471975519199,0.9462461439955469,0.0,0,0,0,0,0,0
0.0,0.0,1.7731206212076989,1.6853667600771607,0.7840737703959643,0.9296275203304477,0.0,0,0,0,0,0,0
0.0,0.0,0.0,1.7731206212076989,0.7840737703959643,0.8984425156255754,0.0,0,0,0,0,0,0
0.0,0.0,0.0,0.0,0.7840737703959643,0.8430385044119956,0.0,0,0,0,0,0,0
0.0,0.0,0.0,0.0,0.7840737703959643,0.9077437415318538,0.0,0,0,0,0,0,0
0.0,0.0,0.0,0.0,0.792963648265414,0.8676101120042197,0.0,0,0,0,0,0,0
0.0,0.0,0.0,0.0,0.0,0.9996984384065556,0.0,0,0,0,0,0,0
0.0,0.0,0.0,0.0,0.0,1.0,0.0,0,0,0,0,0,0
0.0,0.0,0.0,0.0,0.0,0.0,0.0,0,0,0,0,0,0
0.0,0.0,0.0,0.0,0.0,0.0,0.0,0,0,0,0,0,0
0.0,0.0,0.0,0.0,0.0,0.0,0.0,0,0,0,0,0,0
0.0,0.0,0.0,0.0,0.0,0.0,0.0,0,0,0,0,0,0
0.0,0.0,0.0,0.0,0.0,0.0,0.0,0,0,0,0,0,0
0.0,0.0,0.0,0.0,0.0,0.0,0.0,0,0,0,0,0,0
1.7353962083624372,1.7353962083624372,0.6976623312164292,0.6976623312164292,0.3120040795881818,1.0,0.0,0,0,0,0,0,0
3.7091238857712483,1.973727677408811,0.11599474104337437,0.5816675901730548,0.3032243155241607,0.9926457300150371,0.0,0,0,0,0,0,0
4.033906295392851,0.3247824096216023,1.1798041329036242,1.0638093918602498,0.5237718456222636,0.9847425224483051,0.0,0,0,0,0,0,0
6.109468061950648,2.0755617665577972,1.1792912803185518,0.0005128525850723875,0.5633785488846482,0.7141328982069848,0.0,0,0,0,0,1,0
6.365759970341819,0.2562919083911712,0.5554966552409887,0.6237946250775631,0.45040576903596596,0.4823196043871764,0.0,0,0,0,0,0,0
6.59749194770185,0.23173197736003104,0.1591782891344775,0.39631836610651117,0.5232385881735979,0.35140185492913817,0.0,0,0,0,0,0,0
6.2866604807317925,-0.3108314669700576,0.1708088437923121,0.01163055465783458,0.5099747052224156,0.37441527291582766,0.0,0,0,0,0,0,0
6.767096866456372,0.4804363857245795,0.10650343816523078,0.06430540562708131,0.45339573176209697,0.43581313427349144,0.0,0,0,0,0,0,0
5.390398872069298,-1.376697994387074,1.6375479311301082,1.5310444929648774,0.6467428204193628,0.4890821197905667,0.0,0,0,0,0,0,0
3.002732089281176,-2.3876667827881217,0.8887208179228627,0.7488271132072455,0.6673933870528009,0.5193526389764251,0.0,0,0,0,0,0,0
1.38924439894519,-1.6134876903359863,0.574246909409393,0.3144739085134697,0.6244441040570853,0.5319212943602193,0.0,0,1,0,0,0,1
0.9575489543618744,-0.43169544458331555,0.382481397426306,0.19176551198308706,0.5877668913522979,0.540432897233092,0.0,0,1,0,0,0,1
1.9104973174547561,0.9529483630928818,0.8503417143127454,0.4678603168864394,0.478266532107254,0.5541225307760429,0.0,0,1,0,0,0,1
0.8919641248396145,-1.0185331926151417,0.18314598413061844,0.667195730182127,0.30201169710741926,0.5289983106652046,0.0,0,1,0,0,0,1
0.2325940669924494,-0.6593700578471651,0.050156874702790066,0.13298910942782838,0.3172406141849566,0.530968629592872,0.0,0,1,0,0,0,1
0.020000000000436557,-0.21259406699201283,0.35905341963219667,0.3088965449294066,0.30335400562900444,0.5311117608811037,0.0,0,0,0,0,0,0
4.793339128416428,4.773339128415992,2.2200041305843055,1.8609507109521088,0.8850705513894577,0.5527967015800801,0.0,0,0,0,0,0,0
6.615746367567487,1.822407239151059,0.4995692096211046,1.7204349209632008,0.8872978216105719,0.5895162519438981,0.0,0,0,0,0,0,0
6.199685475894313,-0.4160608916731743,0.049123750986708625,0.450445458634396,0.9071957999731671,0.608525541781194,0.0,0,0,0,0,0,0
3.7452503254118237,-2.4544351504824893,0.5151167429089711,0.4659929919222625,0.8544836348980155,0.6261718286114945,0.0,0,0,0,0,0,0
6.41875377312413,2.673503447712306,0.041913044272673616,0.4732036986362975,0.899362411117127,0.6899604136629905,0.0,0,0,0,0,0,0
6.622265473385904,0.20351170026177456,0.19944102891436621,0.1575279846416926,0.2335437472018206,0.7883992615373082,0.0,0,1,0,0,0,1
2.6277176408429033,-3.994547832543001,0.1980357979355407,0.0014052309788255002,0.19173890083744297,0.8787928580538168,0.0,0,1,0,0,0,1
2.7164130760987715,0.0886954352558682,1.8212055809900536,1.6231697830545129,0.7283493313127165,0.9388553228479363,0.0,0,0,0,0,0,0
0.822253002427838,-1.8941600736709334,0.4932472529874645,1.327958328002589,0.7287153587788896,0.9429350667679993,0.0,0,1,0,0,0,1
2.020915634062931,1.198662631635093,1.6880074438906851,1.1947601909032206,0.8087888085932438,0.9277875267955559,0.0,0,0,0,0,0,0
6.466807558601824,4.445891924538893,0.2663926446294602,1.421614799261225,0.795144012375955,0.9242349258344743,0.0,0,0,0,0,0,0
1.9940912717323618,-4.472716286869462,0.06784853975127625,0.19854410487818397,0.8251703312595534,0.9186013249720624,0.0,0,0,0,0,0,0
3.4308016555901144,1.4367103838577526,0.14244006425557432,0.07459152450429807,0.666257255585758,0.9136090254264801,0.0,0,0,0,0,0,0
3.032754523531685,-0.39804713205842956,0.003923529939827919,0.1385165343157464,0.7079312056611227,0.9183217604187299,0.0,0,0,0,0,0,0
0.0,-3.032754523531685,0.0,0.003923529939827919,0.11144151023444028,0.9175898096441047,0.0,0,0,0,0,0,0
0.11180339887498948,0.11180339887498948,1.2526150398154616,1.2526150398154616,0.5393598142180189,0.9177514412348307,0.0,0,0,0,0,0,0
1.5564061166672973,1.4446027177923078,3.0615089373536657,1.808893897538204,1.3212679613349725,0.8817753465113187,0.0,0,1,0,0,0,1
0.2758622844829263,-1.280543832184371,0.02989454480699827,3.0316143925466674,1.3380835616657922,0.9044019559081448,0.0,0,0,0,0,0,0
3.3890411623338412,3.113178877850915,0.08827350023999482,0.05837895543299655,1.32490799605878,0.8533698138829218,0.0,0,0,0,0,0,0
3.4078732370794618,0.01883207474562054,1.3528135904388128,1.264540090198818,1.2336108104547938,0.7632652310534908,0.0,0,0,0,0,0,0
1.9849433241280399,-1.422929912951422,0.3893186455825217,0.9634949448562911,1.2765534937788183,0.6911323268616122,0.0,0,1,0,0,0,1
0.3195309061726133,-1.6654124179554266,0.04200002959134091,0.3473186159911808,0.5631106065921903,0.6461856878690204,0.0,0,0,0,0,0,0
3.525280130712261,3.2057492245396477,0.361850454896568,0.31985042530522706,0.5300437272815268,0.5102686756465641,0.0,0,0,0,0,0,0
3.334726375582809,-0.19055375512945183,0.3873732750423069,0.025522820145738923,0.4951900914412296,0.3971993913471466,0.0,0,0,0,0,0,0
2.768122107132723,-0.566604268450086,0.0012514530709065161,0.3861218219714004,0.19685085578707148,0.2494329971400979,0.0,0,0,0,0,0,0
0.4565084884198988,-2.3116136187128244,0.17336558494572374,0.17211413187481722,0.17765508109022965,0.13259794808789246,0.0,0,0,0,0,0,0
1.5749285698090505,1.1184200813891518,1.4583106793231138,1.28494509437739,0.5706995558036067,0.051902697708742056,0.0,0,0,0,0,0,0
4.502899066157413,2.9279704963483626,0.01740874786663238,1.4409019314564815,0.6075845931277015,0.13541493984851036,0.0,0,0,0,0,0,0
6.590174504517873,2.08727543836046,0.0,0.01740874786663238,0.6348834941212662,0.24575657143297278,0.0,0,0,0,0,0,0
5.672080746957175,-0.9180937575606984,0.07956119795628502,0.07956119795628502,0.6256427031982831,0.34635768493697333,0.0,0,1,0,0,0,1
0.4118252056394588,-5.260255541317716,0.011320062844290213,0.06824113511199481,0.6408166053659216,0.5174730520834804,0.0,0,1,0,0,0,1
0.0,-0.4118252056394588,0.0,0.011320062844290213,0.03322592116815937,0.5826561302688164,0.0,0,0,0,0,0,0
1.2995768542105846,1.2995768542105846,1.4955106692018332,1.4955106692018332,0.6594851057120621,0.715963917135815,0.0,0,0,0,0,0,0
2.1456001491428864,0.8460232949323019,0.13258380519445906,1.3629268640073742,0.6460675737684628,0.8220952106835299,0.0,0,1,0,0,0,1
0.0,-2.1456001491428864,0.0,0.13258380519445906,0.655118837680616,0.8220952106835299,0.0,0,1,0,0,0,1
0.8989438247196689,0.8989438247196689,1.319342014150108,1.319342014150108,0.7512186110905192,0.8151709194667462,0.0,0,0,0,0,0,0
3.205635662390981,2.306691837671312,1.151113529784456,0.16822848436565208,0.700041763986064,0.8207884140421321,0.0,0,0,0,0,0,0
5.263078946776704,2.057443284385723,0.7323551926130761,0.4187583371713798,0.5904822081326997,0.7585766654413661,0.0,0,0,0,0,0,0
6.6880191387290635,1.4249401919523592,0.04817808869970863,0.6841771039133675,0.6104517378048735,0.7367174788196607,0.0,0,0,0,0,0,0
6.715474666768078,0.027455528039014077,0.05895910769436452,0.010781018994655889,0.5951294140259914,0.6991231734368486,0.0,0,0,0,0,0,0
6.5606097277608635,-0.1548649390072141,0.22477774886426452,0.1658186411699,0.4837726399384969,0.6814434805363673,0.0,0,0,0,0,0,0
6.707875967845642,0.14726624008477884,0.16644409357483073,0.058333655289433795,0.281708449257285,0.6955417405342015,0.0,0,0,0,0,0,0
6.522146885803347,-0.185729082042295,0.002009813204025157,0.16443428037080557,0.09213606651661445,0.7087197192942183,0.0,0,0,0,0,0,0
6.313327173528522,-0.208819712274825,0.7713268601172278,0.7693170469132027,0.30710541291106846,0.7220284431170307,0.0,0,0,0,0,0,0
6.712682027327178,0.39935485379865554,0.1200699762313139,0.651256883885914,0.29897347869948404,0.7507249759877146,0.0,0,0,0,0,0,0
1.7321662737733976,-4.98051575355378,0.13182496468471805,0.011754988453404155,0.30431448485151713,0.7492331752733863,0.0,0,0,0,0,0,0
0.2690724809422097,-1.463093792831188,0.05279960282523544,0.07902536185948261,0.3150798795781691,0.7503414792009571,0.0,0,0,0,0,0,0
3.5807960008905253,3.3117235199483157,0.40267605949318314,0.3498764566679477,0.2976433751016219,0.7754229596055375,0.0,0,0,0,0,0,0
4.918699014984365,1.3379030140938397,0.26311843974877147,0.13955761974441167,0.13927665299638756,0.8077474473463706,0.0,0,0,0,0,0,0
6.62800120699965,1.7093021920152847,0.07004484462814653,0.19307359512062494,0.14747920143683113,0.8278791586937138,0.0,0,0,0,0,0,0
6.728157251431982,0.10015604443233261,0.00037495871585513374,0.0696698859122914,0.1692372244438724,0.824369653759469,0.0,0,0,0,0,0,0
5.336140927675302,-1.39201632375668,1.178024790200516,1.1776498314846608,0.4720079153293883,0.8329172992759465,0.0,0,0,0,0,0,0
6.4830856850733,1.146944757397998,0.14854334889495444,1.0294814413055617,0.4828961138227139,0.8238883812329303,0.0,0,0,0,0,0,0
6.668050689669561,0.1849650045962603,0.09038858485094148,0.05815476404401296,0.49508238283274014,0.8219366109442605,0.0,0,0,0,0,0,0
6.706780151458841,0.038729461789280606,0.005187719260383528,0.08520086559055795,0.5033121278975755,0.8269079680458287,0.0,0,0,0,0,0,0
6.689364693301735,-0.017415458157105768,1.410187313477529e-06,0.00518630907307005,0.5033648716058648,0.8292344797828476,0.0,0,0,0,0,0,0
6.428187925068752,-0.26117676823298375,0.28382779914918344,0.28382638896186996,0.11733962941549095,0.8320564730892525,0.0,0,0,0,0,0,0
6.657597164142544,0.2294092390737923,0.22840918209045571,0.05541861705872772,0.12945872113835205,0.8360997863651078,0.0,0,0,0,0,0,0
6.929855698354136,0.2722585342115922,0.09943626030865357,0.12897292178180214,0.12897637320476946,0.8471052697795098,0.0,0,0,0,0,0,0
6.279530237206773,-0.6503254611473634,0.15010604545524592,0.050669785146592344,0.11077725698327534,0.857354357970066,0.0,0,0,0,0,0,0
6.634945365260768,0.35541512805399567,0.3860177528761063,0.23591170742086037,0.11255050573376604,0.8687313644382478,0.0,0,0,0,0,0,0
6.542789924795015,-0.09215544046575364,0.3173125180395726,0.06870523483653368,0.11747528477213937,0.8556006258538726,0.0,0,0,0,0,0,0
4.444952193218596,-2.097837731576419,2.042275838311797,1.7249633202722243,0.8152950583337298,0.8506082177180699,0.0,0,0,0,0,0,0
1.99972498109041,-2.4452272121281853,2.963842185409454,0.9215663470976572,1.2610119400097466,0.8135692266193695,0.0,0,0,0,0,0,0
2.5967094562170554,0.5969844751266453,2.2696080751154515,0.6942341102940026,1.1856433637161972,0.7856054854798394,0.0,0,0,0,0,0,0
1.5393505123925901,-1.0573589438244653,1.1927189889033574,1.0768890862120941,1.023685790841902,0.7922501676043586,0.0,0,0,0,0,0,0
1.023914058893671,-0.5154364534989191,2.139884490583338,0.9471655016799805,0.6325987759744831,0.7770660013445206,0.0,0,0,0,0,0,0
2.168893727226859,1.1449796683331879,1.5967466210780696,0.5431378695052682,0.6764360779525078,0.7421822915295507,0.0,0,0,0,0,0,0
1.1560276813294377,-1.0128660458974212,0.4591045650219483,1.1376420560561213,0.7389175900601341,0.7299127562655922,0.0,0,0,0,0,0,0
0.3257299494976736,-0.8302977318317641,0.22903597524040223,0.23006858978154607,0.7910875822366741,0.7470932102798067,0.0,0,0,0,0,0,0
2.5420660888347713,2.2163361393370975,0.07121188271199463,0.1578240925284076,0.9157288665371828,0.7511265439227143,0.0,0,0,0,0,0,0
0.0,-2.5420660888347713,0.0,0.07121188271199463,0.6533882541538764,0.7501657726445333,0.0,0,0,0,0,0,0
0.0,0.0,0.0,0.0,0.19556481749173907,0.7369456090105236,0.0,0,0,0,0,0,0
0.0,0.0,0.0,0.0,0.09937159422178686,0.7148300036967878,0.0,0,0,0,0,0,0
0.0,0.0,0.0,0.0,0.03184692210998947,0.6872430817432907,0.0,0,0,0,0,0,0
0.0,0.0,0.0,0.0,4.8636532564820797e-08,0.6563694270659031,0.0,0,0,0,0,0,0
0.0,0.0,0.0,0.0,4.8636532564820797e-08,0.6168113449090464,0.0,0,0,0,0,0,0
0.0,0.0,0.0,0.0,4.8636532564820797e-08,0.5624639112390629,0.0,0,0,0,0,0,0
0.0,0.0,0.0,0.0,4.8636532564820797e-08,0.4861346964442875,0.0,0,0,0,0,0,0
0.0,0.0,0.0,0.0,4.8636532564820797e-08,0.38712867835823483,0.0,0,0,0,0,0,0
0.0,0.0,0.0,0.0,4.8636532564820797e-08,0.2565059916378003,0.0,0,0,0,0,0,0
0.0,0.0,0.0,0.0,4.8636532564820797e-08,0.01723610040664293,0.0,0,0,0,0,0,0
0.0,0.0,0.0,0.0,4.8636532564820797e-08,0.3524015142599296,0.0,0,0,0,0,0,0
0.0,0.0,0.0,0.0,4.8636532564820797e-08,0.2506876564792146,0.0,0,0,0,0,0,0
0.0,0.0,0.0,0.0,4.8636532564820797e-08,0.36397849700223817,0.0,0,0,0,0,0,0
0.0,0.0,0.0,0.0,4.8636532564820797e-08,0.5913641889057398,0.0,0,0,0,0,0,0
0.0,0.0,0.0,0.0,4.8636532564820797e-08,0.6642326169273252,0.0,0,0,0,0,0,0
0.0,0.0,0.0,0.0,4.8636532564820797e-08,0.7189228197285433,0.0,0,0,0,0,0,0
0.0,0.0,0.0,0.0,4.8636532564820797e-08,0.9911911595929935,0.0,0,0,0,0,0,0
0.0,0.0,0.0,0.0,4.8636532564820797e-08,1.0,0.0,0,0,0,0,0,0
0.0,0.0,0.0,0.0,4.8636532564820797e-08,0.0,0.0,0,0,0,0,0,0
0.0,0.0,0.0,0.0,4.8636532564820797e-08,0.0,0.0,0,0,0,0,0,0
0.0,0.0,0.0,0.0,4.8636532564820797e-08,0.0,0.0,0,0,0,0,0,0
0.0,0.0,0.0,0.0,4.8636532564820797e-08,0.0,0.0,0,0,0,0,0,0
1.5698407562554095,1.5698407562554095,2.3332677028652995,2.3332677028652995,1.043469038662319,1.0,0.0,0,0,0,0,0,0
2.937362762751455,1.3675220064960456,1.3590655881739753,0.9742021146913242,1.0682383184207551,0.9540515824847005,0.0,0,0,0,0,0,0
4.616373035186652,1.679010272435197,0.2882027941376279,1.0708627940363473,1.0253444289192093,0.313741709629664,0.0,0,0,0,0,0,0
1.8048822676286886,-2.8114907675579635,3.121195092371981,2.832992298234353,1.3256319207980298,0.39741069906746485,0.0,0,0,0,0,0,0
3.525748147556023,1.7208658799273344,1.4962227948266895,1.6249722975452914,1.068858883451164,0.06680825851165534,0.0,0,0,0,0,0,0
5.711076956231513,2.18532880867549,0.47044929279459513,1.0257735020320944,1.1246748317268793,0.24737944379099228,0.0,0,0,0,0,0,0
4.7187816224106305,-0.9922953338208824,0.5762236020173241,0.10577430922272901,1.1759037715982927,0.34033742077260243,0.0,0,0,0,0,0,0
6.655231025290673,1.9364494028800427,0.11858227383754094,0.4576413281797832,1.210381949481318,0.4361674020833998,0.0,0,0,0,0,0,0
6.600068181466625,-0.055162843824048124,0.03406681783400911,0.08451545600353183,0.5818223093238792,0.5264008319384652,0.0,0,0,0,0,0,0
6.562499523808952,-0.03756865765767348,0.6703594955503857,0.6362926777163765,0.2823201041287574,0.595893210576399,0.0,0,0,0,0,0,0
6.606693575459076,0.044194051650124244,0.4269954005012653,0.24336409504912038,0.2792585838812998,0.6476416512215126,0.0,0,0,0,0,0,0
6.287002465404343,-0.31969111005473305,0.19900502571825826,0.22799037478300702,0.2581699077757906,0.6817718103434041,0.0,0,0,0,0,0,0
1.0647065323360203,-5.222295933068322,0.884755608744495,0.6857505830262367,0.34418613916754415,0.6843451016442403,0.0,0,0,0,0,0,0
3.112619475618906,2.0479129432828858,0.5991736996397907,0.28558190910470427,0.2584133773953737,0.6716044043051126,0.0,0,0,0,0,0,0
0.2690724809408577,-2.8435469946780483,0.0,0.5991736996397907,0.34400907868186764,0.6680039091520273,0.0,0,0,0,0,0,0
0.0,-0.2690724809408577,0.0,0.0,0.39209406244732264,0.6680039091520273,0.0,0,0,0,0,0,0
0.0,0.0,0.0,0.0,0.41874585702085376,0.6680039091520273,0.0,0,0,0,0,0,0
0.030000000000654836,0.030000000000654836,1.4250899060060571,1.4250899060060571,0.626570373843181,0.6680862350806289,0.0,0,0,0,0,0,0
3.1501745983342584,3.1201745983336036,1.7574042055220322,0.33231429951597513,0.8794454257946733,0.6187189256518238,0.0,0,0,0,0,0,0
2.220360331118238,-0.9298142672160203,1.925026897561454,0.1676226920394217,0.9497006326290078,0.6131246859703016,0.0,0,0,0,0,0,0
3.342154993414192,1.121794662295954,0.1204295180441276,1.8045973795173262,0.9183258223673745,0.6662731473163948,0.0,0,0,0,0,0,0
6.46219776856127,3.1200427751470783,0.17056661102592974,0.050137092981802134,0.8717623124359343,0.7606939842312392,0.0,0,0,0,0,0,0
6.710625902253419,0.24842813369214856,9.847311545962967e-06,0.17055676371438377,0.9591863597260677,0.7744694545076394,0.0,0,0,0,0,0,0
6.682521979014229,-0.028103923239189754,0.0,9.847311545962967e-06,0.8317398112339588,0.8297172769173748,0.0,0,0,0,0,1,0
6.481674166447767,-0.20084781256646256,0.4616182985535696,0.4616182985535696,0.1893403228484029,0.852232933182829,0.0,0,0,0,0,0,0
3.4506376222370094,-3.031036544210757,0.500928478906078,0.03931018035250833,0.2430638341731631,0.8744701835853892,0.0,0,0,0,0,0,0
0.36055512754569263,-3.090082494691317,1.0579217380575991,0.5569932591515212,0.4378220630457595,0.8624723653749116,0.0,0,0,0,0,0,0
1.0562196741209184,0.6956645465752258,1.2482585405183568,0.19033680246075768,0.5011120805265659,0.8571399692419622,0.0,0,0,0,0,0,0
0.6280127387243692,-0.4282069353965492,2.573567936010463,1.3253093954921062,0.8570499327364671,0.8493895026129548,0.0,0,0,0,0,0,0
1.4035668847632325,0.7755541460388633,0.3903182615731755,2.1832496744372873,0.8722099576809138,0.8256001334830527,0.0,0,1,0,0,0,1
1.0071742649611206,-0.39639261980211193,1.7426667322580525,1.352348470684877,0.814578109152327,0.7949148189516043,0.0,0,0,0,0,0,0
5.951167952595003,4.943993687633882,0.68097759516025,1.0616891370978023,0.8700040475436208,0.7942365530949413,0.0,0,0,0,0,0,0
6.7120861138697805,0.7609181612747777,0.004944785265062368,0.6760328098951877,1.0559929625643036,0.8166716696862575,0.0,0,0,0,0,0,0
6.736200709598904,0.024114595729123778,0.45752142759326586,0.4525766423282035,0.6548510019532722,0.8553877543147678,0.0,0,0,0,0,0,0
6.643410268830339,-0.09279044076856557,0.7817510091996589,0.32422958160639304,0.6384475514082708,0.873251091695674,0.0,0,0,0,0,0,0
6.724314091414896,0.08090382258455708,0.007082772220491362,0.7746682369791675,0.366580912704184,0.8830851520503415,0.0,0,0,0,0,0,0
6.686134907403633,-0.038179184011262635,0.0,0.007082772220491362,0.3561547341111229,0.8915291956359793,0.0,0,0,0,0,0,0
6.694960791520609,0.008825884116975935,0.1800328143266865,0.1800328143266865,0.3339183726462109,0.8993980880493027,0.0,0,0,0,0,0,0
6.278088881180043,-0.41687191034056603,0.3771290257298314,0.19709621140314493,0.3253775037254695,0.946185133590203,0.0,0,0,0,0,0,0
7.119016786045527,0.8409279048654836,0.003036443810432221,0.3740925819193992,0.16608427274770557,0.9586052684743968,0.0,0,0,0,0,0,0
6.354722653271506,-0.7642941327740207,0.09063335452500598,0.08759691071457376,0.1566408127847034,0.9591789606811023,0.0,0,0,0,0,0,0
6.656906188312783,0.3021835350412774,0.059051711038193844,0.03158164348681214,0.1462548903820879,0.9497484022581322,0.0,0,0,0,0,0,0
6.706631046956396,0.049724858643612535,0.03465331471363475,0.02439839632455909,0.1511662697966465,0.9491498427277142,0.0,0,0,0,0,0,0
6.697947446792705,-0.008683600163690741,0.03635176110679783,0.0016984463931630778,0.032489672558021834,0.9464868110728951,0.0,0,0,0,0,0,0
6.685215030199679,-0.012732416593026485,0.006145605396660869,0.03020615571013696,0.031506703839945735,0.9459073528732538,0.0,0,0,0,0,0,0
6.6910387833275635,0.0058237531278848564,0.012944370542209649,0.00679876514554878,0.0210105994476062,0.9529364657585735,0.0,0,0,0,0,0,0
6.710767467286834,0.0197286839592703,0.0008280784786329765,0.012116292063576672,0.016392914186937023,0.9588620341087366,0.0,0,0,0,0,0,0
6.700902924234054,-0.00986454305277995,0.0,0.0008280784786329765,0.014951613760261015,0.9638064734859836,0.0,0,0,0,0,1,0
6.64172417373616,-0.05917875049789423,0.0,0.0,0.005627280205625606,0.9660192649845614,0.0,0,0,0,0,1,0
6.651345728497815,0.009621554761655382,0.0,0.0,0.005707590829510013,0.9744346169153312,0.0,0,0,0,0,1,0
6.64906008395164,-0.0022856445461751917,0.026111366636195177,0.026111366636195177,0.011590323992144998,0.9817918516141841,0.0,0,0,0,0,0,0
6.174957489732005,-0.47410259421963463,0.038212795272779765,0.012101428636584588,0.01812802822375266,0.9858703455908467,0.0,0,0,0,0,0,0
3.863728768948439,-2.311228720783566,0.022739847072810848,0.015472948199968917,0.016904832911639495,0.9895179294033863,0.0,0,0,0,0,0,0
3.001666203961042,-0.8620625649873972,1.0619800875825116,1.0392402405097008,0.46540314811112504,0.9877043370276574,0.0,0,0,0,0,0,0
3.5795111398078117,0.5778449358467697,0.008495739264337221,1.0534843483181744,0.46436874128661126,0.9737720497628143,0.0,0,0,0,0,0,0
3.4135172476484557,-0.165993892159356,0.41132036341636313,0.4028246241520259,0.45360248335758635,0.9642755440225409,0.0,0,0,0,0,0,0
3.7194623267356084,0.30594507908715274,0.5616251464387771,0.150304783022414,0.4356586460917892,0.9262060062951144,0.0,0,0,0,0,0,0
3.489068643634908,-0.2303936831007003,0.27332315113724803,0.2883019953015291,0.3917032266402914,0.8777176503690527,0.0,0,0,0,0,0,0
2.7018512172219995,-0.7872174264129086,0.01782383697402734,0.2554993141632207,0.24279955408910026,0.8368956701880419,0.0,0,0,0,0,0,0
0.5408326913190434,-2.161018525902956,2.59800211416777,2.5801782771937427,1.0399628006797226,0.8186446166522833,0.0,0,0,0,0,0,0
2.1335650915786517,1.5927324002596084,0.37860381860148595,2.2193982955662843,1.0429015532890744,0.7769470916852931,0.0,0,0,0,0,0,0
0.0,-2.1335650915786517,0.004517920630669581,0.3740858979708164,1.0984589421500757,0.7609840916604388,0.0,0,0,0,0,0,0
1.3602940858511643,1.3602940858511643,0.00028484993581257,0.004233070694857011,1.128518370743254,0.7428872458182767,0.0,0,0,0,0,0,0
0.0,-1.3602940858511643,0.0,0.00028484993581257,1.130842247857867,0.7232238815752889,0.0,0,0,0,0,0,0
0.0,0.0,0.0,0.0,0.16879071485309,0.7012126469984151,0.0,0,0,0,0,0,0
1.884383188207431,1.884383188207431,0.40344632530107244,0.40344632530107244,0.17989994808915888,0.6772782662809254,0.0,0,0,0,0,0,0
1.6001249951171197,-0.2842581930903112,0.0010868783098940682,0.40235944699117837,0.18027386703805567,0.6540489304004747,0.0,0,1,0,0,0,1
0.0,-1.6001249951171197,0.0,0.0010868783098940682,0.1803057792603045,0.621235213961361,0.0,0,1,0,0,0,1
0.9947864092361742,0.9947864092361742,0.057864850540352286,0.057864850540352286,0.1756104122303722,0.5857087433617589,0.0,0,0,0,0,0,0
1.4326548781897956,0.4378684689536214,1.0951283865127208,1.0372635359723685,0.46910737574245875,0.5013305317015903,0.0,0,0,0,0,0,0
2.2171152428323095,0.7844603646425139,1.0757053759500836,0.019423010562637177,0.5842536036629039,0.4855095502159085,0.0,0,0,0,0,0,0
3.168296072023875,0.9511808291915655,1.1828133473898232,0.1071079714397396,0.5981557538184727,0.5004613167336562,0.0,0,0,0,0,0,0
3.3235673605323828,0.1552712885085077,1.6670481884590909,0.4842348410692676,0.5872688949766778,0.5193431255417632,0.0,0,0,0,0,0,0
3.9669761784011204,0.6434088178687376,0.48775447418505435,1.1792937142740365,0.4194776406632771,0.5265014469005533,0.0,0,0,0,0,0,0
6.594209581140619,2.627233402739499,0.22833331504625187,0.2594211591388025,0.5736479735831855,0.5532525004524395,0.0,0,0,0,0,0,0
6.6943334246203445,0.10012384347972514,0.005968484217003578,0.2223648308292483,0.6921802263111696,0.5809616889306363,0.0,0,0,0,0,0,0
6.65420168014191,-0.04013174447843415,0.28252259119906054,0.27655410698205696,0.656015740599247,0.6500138572397892,0.0,0,0,0,0,0,0
6.678742396589599,0.024540716447688737,0.45790975443151094,0.1753871632324504,0.19480882821738232,0.7304043009401269,0.0,0,0,0,0,0,0
6.6708320320622265,-0.007910364527372593,0.0002840738320890601,0.4576256805994219,0.19464073226953363,0.8038000211758141,0.0,0,0,0,0,0,0
6.682521979014229,0.01168994695200265,0.06281798142836448,0.06253390759627542,0.20150879374995767,0.8310434143713128,0.0,0,0,0,0,0,0
6.704841534293757,0.02231955527952767,0.00018860010156296347,0.06262938132680151,0.20264034663359845,0.8951296255504646,0.0,0,0,0,0,0,0
6.704841534294629,8.72191208145523e-13,0.0,0.00018860010156296347,0.19956050763391706,0.902150715902872,0.0,0,0,0,0,1,0
6.944242219278303,0.23940068498367406,0.0,0.0,0.02804047809621847,0.910434010405045,0.0,0,0,0,0,1,0
6.430777557962343,-0.5134646613159601,0.0,0.0,0.028072087994702073,0.9170707680316074,0.0,0,0,0,0,1,0
6.700716379612235,0.2699388216498919,0.0,0.0,8.434455040161959e-05,0.9229574069921068,0.0,0,0,0,0,1,0
6.652037281915367,-0.04867909769686829,0.23974384728193687,0.23974384728193687,0.1072167079419639,0.9292165056625583,0.0,0,0,0,0,0,0
6.706891977660318,0.054854695744951165,0.06590851303346956,0.1738353342484673,0.10384648685266827,0.9327489622120589,0.0,0,0,0,0,0,0
6.720000000000255,0.013108022339936909,0.06857840044373731,0.002669887410267746,0.09812531394547158,0.9368672852945014,0.0,0,0,0,0,0,0
6.948014104764327,0.22801410476407202,0.1103867953837101,0.04180839493997279,0.08907644309520542,0.9411347319308613,0.0,0,0,0,0,0,0
6.501699777749993,-0.44631432701433393,0.158597729868285,0.04821093448457489,0.07265904123032965,0.9652189737877244,0.0,0,0,0,0,0,0
6.900181157042091,0.3984813792920985,0.1215611346970672,0.037036595171217795,0.03882873436416981,0.9637679178760322,0.0,0,0,0,0,0,0
6.697320359666276,-0.20286079737581542,0.03133433239690786,0.09022680230015934,0.04922028130232373,0.960139836198442,0.0,0,0,0,0,0,0
6.654742669705445,-0.04257768996083122,0.034374173532855434,0.003039841135947574,0.05622598465073965,0.9566932469355698,0.0,0,0,0,0,0,0
6.674159123065721,0.019416453360276087,0.021449657966043367,0.012924515566812067,0.06238890431880803,0.9575400742552549,0.0,0,0,0,0,0,0
5.2983393624795685,-1.3758197605861522,0.35324830022733944,0.3317986422612961,0.14055556434849198,0.9641718122703479,0.0,0,0,0,0,0,0
3.3335266610608754,-1.9648127014186931,1.4809218739963188,1.1276735737689794,0.6289350033870335,0.9719494026764137,0.0,0,0,0,0,0,0
2.251577224968872,-1.0819494360920032,0.9510776742945561,0.5298441997017627,0.634382911668832,0.979560008536757,0.0,0,0,0,0,0,0
2.7879203718904364,0.5363431469215643,2.093026086984981,1.141948412690425,0.8369920446429767,0.9779090840193788,0.0,0,0,0,0,0,0
3.438386249391114,0.6504658775006775,0.49922469702772276,1.5938013899572583,0.7191918887514526,0.9729667301763718,0.0,0,0,0,0,0,0
3.204512443413952,-0.2338738059771619,1.1192864268729759,0.6200617298452531,0.59830075243471,0.9690347462397598,0.0,0,0,0,0,0,0
2.9597466107760098,-0.24476583263794227,1.027571585307378,0.09171484156559795,0.5847207230791392,0.9237016954015514,0.0,0,0,0,0,0,0
1.8667886864888,-1.0929579242872098,0.39593087333631516,0.6316407119710628,0.6748562332393606,0.8930839090412694,0.0,0,0,0,0,0,0
0.0,-1.8667886864888,0.0,0.39593087333631516,0.46473720951188296,0.8855847229412281,0.0,0,0,0,0,0,0
0.06999999999970896,0.06999999999970896,0.21441496568366591,0.21441496568366591,0.49774639297246415,0.8796281007532024,0.0,0,0,0,0,0,0
2.9767263898452403,2.9067263898455313,0.40190538932479036,0.18749042364112445,0.38340282884006965,0.8122940968009853,0.0,0,0,0,0,0,0
2.75152684886113,-0.22519954098411032,0.9601458162520241,0.5582404269272337,0.35639617846496974,0.7984045713561407,0.0,0,0,0,0,0,0
0.11661903789742385,-2.634907810963706,0.27861325751864807,0.681532558733376,0.3601191184153408,0.7947608757559701,0.0,0,0,0,0,0,0
2.1005951537603686,1.9839761158629448,1.0501079893425183,0.7714947318238702,0.3942432807313872,0.7518224142570179,0.0,0,0,0,0,0,0
0.9920181449955333,-1.1085770087648354,0.17813536912157946,0.8719726202209388,0.4029162006520968,0.7323471457454498,0.0,0,0,0,0,0,0
0.0,-0.9920181449955333,0.0,0.17813536912157946,0.47873378160885055,0.7131756423879371,0.0,0,0,0,0,0,0
0.0,0.0,0.0,0.0,0.4353047708364904,0.6807816663654308,0.0,0,0,0,0,0,0
0.0,0.0,0.0,0.0,0.45627367047936446,0.6372139686042637,0.0,0,0,0,0,0,0
0.0,0.0,0.0,0.0,0.07966455891059453,0.5805836820711135,0.0,0,0,0,0,0,0
0.0,0.0,0.0,0.0,5.800427727036186e-08,0.503125530281727,0.0,0,0,0,0,0,0
0.0,0.0,0.0,0.0,5.800427727036186e-08,0.4318454102011584,0.0,0,0,0,0,0,0
0.0,0.0,0.0,0.0,5.800427727036186e-08,0.41943235507028526,0.0,0,0,0,0,0,0
0.0,0.0,0.0,0.0,5.800427727036186e-08,0.40849984448713095,0.0,0,0,0,0,0,0
0.0,0.0,0.0,0.0,5.800427727036186e-08,0.3885796985232521,0.0,0,0,0,0,0,0
1.5047923444783795,1.5047923444783795,0.5791477384664432,0.5791477384664432,0.2590027424452535,0.27180018604672296,0.0,0,0,0,0,0,0
0.3000000000001819,-1.2047923444781976,1.1862691264744736,0.6071213880080304,0.5289865787507644,0.3263780246703108,0.0,0,0,0,0,0,0
0.7566372975211259,0.45663729752094395,0.1363774803992612,1.0498916460752123,0.5093822273508847,0.21499547817032522,0.0,0,0,0,0,0,0
0.0,-0.7566372975211259,0.0,0.1363774803992612,0.5093822273508847,0.11198377331973666,0.0,0,0,0,0,0,0
0.0,0.0,0.0,0.0,0.5093822273508847,0.11198377331973666,0.0,0,0,0,0,0,0
0.0,0.0,0.0,0.0,0.5186411206826096,0.10665506475915633,0.0,0,0,0,0,0,0
0.0,0.0,0.0,0.0,0.06098986335460611,0.21178623287500647,0.0,0,0,0,0,0,0
0.0,0.0,0.0,0.0,5.823187026590906e-08,0.5779408342063223,0.0,0,0,0,0,0,0
0.0,0.0,0.0,0.0,5.823187026590906e-08,0.6026101363854333,0.0,0,0,0,0,0,0
0.0,0.0,0.0,0.0,5.823187026590906e-08,0.4417796040230718,0.0,0,0,0,0,0,0
0.0,0.0,0.0,0.0,5.823187026590906e-08,0.23388603856488022,0.0,0,0,0,0,0,0
0.0,0.0,0.0,0.0,5.823187026590906e-08,0.23388603856488022,0.0,0,0,0,0,0,0
0.0,0.0,0.0,0.0,5.823187026590906e-08,0.23388603856488022,0.0,0,0,0,0,0,0
0.0,0.0,0.0,0.0,5.823187026590906e-08,0.23388603856488022,0.0,0,0,0,0,0,0
0.0,0.0,0.0,0.0,5.823187026590906e-08,0.23388603856488022,0.0,0,0,0,0,0,0
0.0,0.0,0.0,0.0,5.823187026590906e-08,0.23388603856488022,0.0,0,0,0,0,0,0
0.0,0.0,0.0,0.0,5.823187026590906e-08,0.23388603856488022,0.0,0,0,0,0,0,0
0.0,0.0,0.0,0.0,5.823187026590906e-08,0.23388603856488022,0.0,0,0,0,0,0,0
2.5071098898931465,2.5071098898931465,0.61257631472522,0.61257631472522,0.2739524562263853,0.4043402517930675,0.0,0,0,0,0,0,0
3.2835346807971706,0.776424790904024,0.15927256402040896,0.45330375070481105,0.26526748419651947,0.39909866479047806,0.0,0,0,0,0,0,0
0.7381734213588883,-2.545361259438282,0.17630810561787785,0.017035541597468895,0.25094905146218643,0.6650412569885831,0.0,0,0,0,0,0,0
2.615893728728419,1.8777203073695308,0.6921019212878361,0.5157938156699582,0.30521191533717573,0.7174586841034984,0.0,0,0,0,0,0,0
1.40288987450869,-1.2130038542197292,0.20681130228535155,0.48529061900248455,0.2603576159402484,0.788634539878592,0.0,0,0,0,0,0,0
6.503722011279396,5.1008321367707055,0.02886062172357741,0.17795068056177415,0.254876583548001,0.8691417282925168,0.0,0,0,0,0,0,0
6.702984409948279,0.19926239866888285,0.06279559269253612,0.033934970968958714,0.2670749491728808,0.9060196683871642,0.0,0,0,0,0,0,0
6.700268651331056,-0.002715758617222619,0.01126636561920139,0.05152922707333473,0.28545758952384437,0.92658664482898,0.0,0,0,0,0,0,0
6.8003602845724425,0.10009163324138637,2.299871236965262e-06,0.011264065747964425,0.0843901167030923,0.9399366718189317,0.0,0,0,0,0,0,0
6.700902924234142,-0.09945736033830066,0.025656115914387333,0.025653816043150368,0.02374223417245143,0.94907870215317,0.0,0,0,0,0,0,0
6.905280588071365,0.20437766383722344,0.0031193347741365895,0.022536781140250744,0.025607532340435436,0.9559862093685019,0.0,0,0,0,0,0,0
6.504429260127278,-0.4008513279440873,0.0031076562435600613,1.1678530576528234e-05,0.010393988256451048,0.9609746522565475,0.0,0,0,0,0,1,0
6.699999999998909,0.19557073987163065,0.05722774304737044,0.05412008680381038,0.024312589048217023,0.9650105385391332,0.0,0,0,0,0,0,0
6.700365661664272,0.0003656616653637812,0.02988102339634207,0.02734671965102837,0.022437140014935453,0.9683105662632617,0.0,0,0,0,0,0,0
6.7007462271011144,0.0003805654368420619,0.001015010565888137,0.02886601283045393,0.024535151677052183,0.9710467102693958,0.0,0,0,0,0,0,0
6.901224529023455,0.20047830192234084,0.003819624559818116,0.002804613993929979,0.024424509825191877,0.9734135839808341,0.0,0,0,0,0,0,0
6.7012610753488335,-0.19996345367462176,3.899226405184447e-06,0.0038157253334129317,0.02496321645053534,0.9753690079495373,0.0,0,0,0,0,0,0
6.701462526942128,0.00020145159329487683,0.000879964111781907,0.0008760648853767225,0.012804340066549806,0.9770569327993913,0.0,0,0,0,0,1,0
6.500930702599446,-0.2005318243426828,0.0014603493973528794,0.0005803852855709725,0.0014334904360981645,0.9784858931718053,0.0,0,0,0,0,1,0
6.91598872179497,0.41505801919552443,0.011322944082583004,0.009862594685230125,0.004597501014164327,0.9795801908586279,0.0,0,0,0,0,0,0
4.262968449332789,-2.6530202724621814,0.2029446607859149,0.1916217167033319,0.08934975583553634,0.9934693261003947,0.0,0,0,0,0,0,0
1.2806248474861153,-2.982343601846673,0.8151935213903534,0.6122488606044385,0.35104675132265745,0.9924388010028592,0.0,0,0,0,0,0,0
3.8805798535793015,2.599955006093186,1.0228311628242133,0.20763764143385988,0.4765660924710922,0.9924484004840264,0.0,0,0,0,0,0,0
0.7782030583328307,-3.102376795246471,0.6628983564877917,0.35993280633642155,0.42338546031969304,0.9925176199331134,0.0,0,0,0,0,0,0
2.8915220905273036,2.113319032194473,0.03530812707157294,0.6275902294162188,0.4159250687386104,0.9795518512307873,0.0,0,0,0,0,0,0
0.0,-2.8915220905273036,0.25494351925744363,0.2196353921858707,0.4056691789929008,0.9783268160504973,0.0,0,0,0,0,0,0
0.0,0.0,1.8423612483339151,1.5874177290764715,0.7124268193677409,0.9768946350433075,0.0,0,0,0,0,0,0
0.0,0.0,0.0,1.8423612483339151,0.76436173229423,0.9752446681433165,0.0,0,0,0,0,0,0
0.0,0.0,0.0,0.0,0.7985815987603685,0.973310281197122,0.0,0,0,0,0,0,0
0.0,0.0,0.0,0.0,0.803049455161635,0.9710859789740173,0.0,0,0,0,0,0,0
0.0,0.0,0.0,0.0,0.8239289980772028,0.9684138271414615,0.0,0,0,0,0,0,0
0.0,0.0,0.0,0.0,0.0,0.9653949548552254,0.0,0,0,0,0,0,0
0.0,0.0,0.0,0.0,0.0,0.9615450602328548,0.0,0,0,0,0,0,0
0.9848857801811618,0.9848857801811618,0.18286775838027425,0.18286775838027425,0.08178094772626,0.9229443811453248,0.0,0,0,0,0,0,0
2.758785964875766,1.7739001846946043,0.2940335060870891,0.11116574770681487,0.13639039239145348,0.8425931359834532,0.0,0,0,0,0,0,0
4.737256590052171,1.978470625176405,0.38332605982299905,0.08929255373590994,0.17236369832795914,0.8025270176126587,0.0,0,0,0,0,0,0
6.634485662054732,1.8972290720025606,0.04737062620036869,0.33595543362263036,0.16150259763850397,0.7893009849574335,0.0,0,0,0,0,0,0
6.719144290755572,0.08465862870083996,0.059132192074072935,0.011761565873704243,0.14634065271972868,0.7940505312621483,0.0,0,0,0,0,0,0
6.600189391222829,-0.11895489953274296,0.27747353953172793,0.218341347457655,0.15069832427197788,0.8101085700752613,0.0,0,0,0,0,0,0
6.656763477846662,0.0565740866238329,0.1929319276370539,0.08454161189467402,0.14359992581976683,0.8215280472143732,0.0,0,0,0,0,0,0
6.699880595950175,0.04311711810351326,0.026993962537681937,0.16593796509937198,0.10925197389329229,0.8333903582421159,0.0,0,0,0,0,0,0
6.600878729382732,-0.09900186656744303,0.08766850725909392,0.06067454472141198,0.1038347122944539,0.8501574978963219,0.0,0,0,0,0,0,0
6.709515630802778,0.1086369014200459,0.03489447754757924,0.05277402971151468,0.108369368944902,0.858558763901903,0.0,0,0,0,0,0,0
6.648308055438247,-0.0612075753645307,0.08172019121322893,0.04682571366564969,0.06622370747544429,0.8751735117753746,0.0,0,0,0,0,0,0
6.706295549705844,0.057987494267597306,0.01449989382003769,0.06722029739319124,0.03331378237941119,0.9290820166027043,0.0,0,0,0,0,0,0
6.667563273040662,-0.038732276665181864,0.012021218102992726,0.0024786757170449647,0.03633942115384579,0.9344907360664172,0.0,0,0,0,0,0,0
6.735458410531837,0.06789513749117493,0.00011745623771275415,0.011903761865279971,0.032195832956240907,0.9393082670512455,0.0,0,0,0,0,0,0
6.713575798334366,-0.02188261219747112,0.0,0.00011745623771275415,0.034222200056225595,0.9434892561408004,0.0,0,0,0,0,1,0
6.683532000373696,-0.030043797960670027,0.08980524868590423,0.08980524868590423,0.03777539078756789,0.9458014729235789,0.0,0,0,0,0,0,0
6.888396039717716,0.2048640393440202,0.03504239092708772,0.05476285775881651,0.03769756388663354,0.9484492643072641,0.0,0,0,0,0,0,0
6.718005656442548,-0.1703903832751683,0.03596786395805618,0.00092547303096846,0.036765368815419655,0.9497114237301121,0.0,0,0,0,0,1,0
6.448449426025338,-0.26955623041721033,0.03973095136946514,0.0037630874114089607,0.03209911007337484,0.9508756225462212,0.0,0,0,0,0,0,0
6.952093209962428,0.5036437839370906,0.043278623748625344,0.003547672379160205,0.023173762436612177,0.9528064316203794,0.0,0,0,0,0,0,0
6.697133715254636,-0.25495949470779244,0.1991644047049739,0.15588578095634856,0.07192336814640296,0.9654354621487372,0.0,0,0,0,0,0,0
6.485491500263528,-0.2116422149911079,0.005173906599873046,0.19399049810510086,0.07670053704197412,0.9788662728792121,0.0,0,0,0,0,0,0
6.95788042438215,0.4723889241186221,0.20849144916355541,0.20331754256368237,0.09674989949947908,0.9797586451806386,0.0,0,0,0,0,0,0
6.673080248280606,-0.28480017610154373,0.13908822366764995,0.06940322549590547,0.0915542006333164,0.9786076478351855,0.0,0,0,0,0,0,0
4.239858488204863,-2.4332217600757433,0.06592401526560321,0.07316420840204674,0.08733223387178543,0.9748691696681564,0.0,0,0,0,0,0,0
2.600480724789536,-1.639377763415327,2.9673545242217947,2.9014305089561914,1.2825109291723042,0.9700419147240471,0.0,0,1,0,0,0,1
1.7560182231391386,-0.8444625016503975,0.15143441942816915,2.8159201047936255,1.2648979408113006,0.9714400458103021,0.0,0,1,0,0,0,1
2.204450044796443,0.44843182165730444,0.42047536050150064,0.2690409410733315,1.24746692622779,0.9705037687225663,0.0,0,1,0,0,0,1
2.0042205467462977,-0.20022949805014534,0.5657329504857735,0.1452575899842729,1.2093394564497244,0.9676280692836278,0.0,0,1,0,0,0,1
1.7748521065155531,-0.22936844023074454,0.55504923406496,0.01068371642081356,1.1499838643133509,0.9646279592168292,0.0,0,1,0,0,0,1
1.5002999700059934,-0.2745521365095598,0.028446642244324586,0.5266025918206354,0.24300767807888424,0.9591177146833499,0.0,0,0,0,0,0,0
2.3021728866453737,0.8018729166393803,0.04591518907828831,0.017468546833963722,0.26730374785522953,0.9163057168514255,0.0,0,0,0,0,0,0
0.0,-2.3021728866453737,0.0,0.04591518907828831,0.2938439193725717,0.9106135678659516,0.0,0,0,0,0,0,0
2.3984161440411147,2.3984161440411147,0.0006220334785087545,0.0006220334785087545,0.24062892286228907,0.8546263603566848,0.0,0,0,0,0,1,0
0.02999999999974534,-2.3684161440413694,0.0,0.0006220334785087545,0.02117360959201488,0.8423771085294092,0.0,0,0,0,0,1,0
2.5,2.4700000000002547,0.0,0.0,0.02046612382136686,0.7806415445918217,0.0,0,0,0,0,1,0
0.0,-2.5,0.0,0.0,0.00027818182975496234,0.7596847635871887,0.0,0,0,0,0,0,0
0.0,0.0,0.0,0.0,0.00027818182975496234,0.7367926914692768,0.0,0,0,0,0,0,0
0.0,0.0,0.0,0.0,2.6994911279778486e-08,0.7108893057751585,0.0,0,0,0,0,0,0
0.0,0.0,0.0,0.0,2.6994911279778486e-08,0.6749837631578794,0.0,0,0,0,0,0,0
0.0,0.0,0.0,0.0,2.6994911279778486e-08,0.628040327006346,0.0,0,0,0,0,0,0
0.0,0.0,0.0,0.0,2.6994911279778486e-08,0.580087049049818,0.0,0,0,0,0,0,0
0.0,0.0,0.0,0.0,2.6994911279778486e-08,0.5084667211295893,0.0,0,0,0,0,0,0
0.0,0.0,0.0,0.0,2.6994911279778486e-08,0.37808782607332664,0.0,0,0,0,0,0,0
0.0,0.0,0.0,0.0,2.6994911279778486e-08,0.24182493700985908,0.0,0,0,0,0,0,0
0.0,0.0,0.0,0.0,2.6994911279778486e-08,0.12360211351314508,0.0,0,0,0,0,0,0
0.0,0.0,0.0,0.0,2.6994911279778486e-08,0.02079194038336544,0.0,0,0,0,0,0,0
0.0,0.0,0.0,0.0,2.6994911279778486e-08,0.15271807942353205,0.0,0,0,0,0,0,0
0.0,0.0,0.0,0.0,2.6994911279778486e-08,0.3725521690718475,0.0,0,0,0,0,0,0
0.6000833275474673,0.6000833275474673,0.007280826443924582,0.007280826443924582,0.0032560845723105035,0.6706691078275319,0.0,0,0,0,0,0,0
0.2000000000007276,-0.4000833275467397,0.0,0.007280826443924582,0.0032560845723105035,0.9890134467976288,0.0,0,0,0,0,0,0
0.0,-0.2000000000007276,0.0,0.0,0.0032560845723105035,0.9856151727608069,0.0,0,0,0,0,0,0
0.0,0.0,0.0,0.0,0.0032560845723105035,0.9856151727608069,0.0,0,0,0,0,0,0
0.0,0.0,0.0,0.0,0.0032560845723105035,0.9910389893365775,0.0,0,0,0,0,0,0
0.0,0.0,0.0,0.0,2.699489706184306e-08,0.9999793411074912,0.0,0,0,0,0,0,0
0.0,0.0,0.0,0.0,2.699489706184306e-08,0.9999739652263718,0.0,0,0,0,0,0,0
0.0,0.0,0.0,0.0,2.699489706184306e-08,0.9999739652263718,0.0,0,0,0,0,0,0
0.07999999999992724,0.07999999999992724,0.0018603879083940456,0.0018603879083940456,0.000831990765975404,0.9124779840505565,0.0,0,0,0,0,0,0
3.048671841966377,2.96867184196645,0.46226109890415223,0.4604007109957582,0.206523021536964,0.953821814499567,0.0,0,0,0,0,0,0
3.1784430150626237,0.12977117309624653,0.2173329769741965,0.24492812192995572,0.20496729631866764,0.9691118728103254,0.0,0,0,0,0,0,0
1.202663710268739,-1.9757793047938847,0.3432639151739631,0.12593093819976658,0.20539168173778347,0.9573293852774999,0.0,0,1,0,0,0,1
0.2499999999989086,-0.9526637102698303,0.9348936499020593,0.5916297347280961,0.348124546261369,0.9012365552770722,0.0,0,0,0,0,0,0
3.2066961190617307,2.9566961190628223,0.6687456944280242,0.266147955474035,0.28297453586416155,0.39252043846716744,0.0,0,0,0,0,0,0
1.7095028517085085,-1.4971932673532222,2.166621735566662,1.4978760411386376,0.7793096735266978,0.44553315976149827,0.0,0,0,0,0,0,0
3.4238136631542613,1.7143108114457528,1.4223390577270136,0.7442826778396483,0.7119018601355513,0.5392287048105707,0.0,0,0,0,0,0,0
3.7643591752126735,0.3405455120584122,0.32966135950324205,1.0926776982237716,0.7155674817982116,0.551959007355813,0.0,0,0,0,0,0,0
6.448015198493358,2.683656023280684,0.0901899307481544,0.23947142875508765,0.8522646927868487,0.5664649200886316,0.0,0,0,0,0,0,0
1.1463420083026692,-5.301673190190688,1.8559051846707604,1.765715253922606,0.9218881850568377,0.58365952145426,0.0,0,0,0,0,0,0
5.430920732251875,4.284578723949205,1.8006172635940465,0.055287921076713875,0.8335612353061703,0.4276507626905723,0.0,0,0,0,0,0,0
6.661688975027707,1.2307682427758326,0.37050128559620377,1.4301159779978427,0.8639660188068888,0.4150250371902863,0.0,0,0,0,0,0,0
6.734567543650848,0.0728785686231408,0.14365250278285477,0.226848782813349,0.8974480420821177,0.48151307048558223,0.0,0,0,0,0,0,0
6.662161811303595,-0.0724057323472529,0.04077749151560139,0.10287501126725337,0.9081448303483305,0.5385999353500881,0.0,0,0,0,0,0,0
6.7318942356526135,0.06973242434901827,9.546166277152324e-05,0.040682029852829864,0.7569644726245659,0.5857394571711884,0.0,0,0,0,0,0,0
6.731894235650679,-1.9344525981068728e-12,0.0,9.546166277152324e-05,0.15649210870095484,0.6247235760576507,0.0,0,0,0,0,1,0
6.653878568174143,-0.07801566747653599,0.0,0.0,0.06222725629392349,0.6567707336292045,0.0,0,0,0,0,1,0
6.731894235651317,0.0780156674771737,0.0,0.0,0.018225622533510913,0.6843696345931073,0.0,0,0,0,0,1,0
6.652826466998416,-0.07906776865290066,0.0,0.0,4.2691772195754105e-05,0.7067004784517388,0.0,0,0,0,0,1,0
6.671401651827408,0.01857518482899234,0.024409828753533702,0.024409828753533702,0.010916407282479192,0.7237177814856459,0.0,0,0,0,0,0,0
4.604877848543013,-2.0665238032843956,1.7806122571945338,1.756202428441,0.7936552942019495,0.7516899266723821,0.0,0,0,0,0,0,0
4.41163235095474,-0.19324549758827292,1.7267721812719445,0.053840075922589214,0.9563215812466319,0.7722871112085473,0.0,0,0,0,0,0,0
5.902169092799804,1.4905367418450641,0.05102754308803048,1.675744638183914,0.947127156391324,0.7857429915142405,0.0,0,0,0,0,0,0
5.806901066834862,-0.0952680259649421,0.002749565309786206,0.048277977778244274,0.9466077551656322,0.7996576451232214,0.0,0,0,0,0,0,0
5.779351174656279,-0.027549892178583058,7.27252047472149e-07,0.002748838057738734,0.9511254121081656,0.8409440129488877,0.0,0,0,0,0,0,0
5.798456691223647,0.01910551656736814,0.0,7.27252047472149e-07,0.7665314513648716,0.8471612064372569,0.0,0,0,0,0,1,0
6.349456669668441,0.5509999784447936,0.0,0.0,0.022544174092724738,0.8508922594306455,0.0,0,0,0,0,1,0
6.018936783187582,-0.3305198864808583,0.0,0.0,0.0012295617200031041,0.888721934641459,0.0,0,0,0,0,1,0
6.720863039817983,0.7019262566304008,0.0,0.0,3.2778312843438905e-07,0.9688759988301539,0.0,0,0,0,0,1,0
6.896557112066861,0.175694072248878,0.0,0.0,4.077586709355197e-08,0.9787406762791101,0.0,0,0,0,0,1,0
6.720863039818605,-0.17569407224825628,0.0,0.0,4.077586709355197e-08,0.9913030457417861,0.0,0,0,0,0,1,0
6.466714776453233,-0.254148263365372,0.03194052119384727,0.03194052119384727,0.014284235325300999,0.9947493203309413,0.0,0,0,0,0,0,0
6.551099144418117,0.08438436796488435,0.40403532367103856,0.3720948024771913,0.17765820569774673,0.9915556380140627,0.0,0,0,0,0,0,0
5.1110077284238615,-1.4400914159942557,0.7957333523383985,0.3916980286673599,0.3514380451789387,0.986996024187596,0.0,0,0,0,0,0,0
3.0232432915666037,-2.087764436857258,0.05388166504914694,0.7418516872892515,0.3427137174446353,0.9660590823770481,0.0,0,0,0,0,0,0
0.0,-3.0232432915666037,0.0,0.05388166504914694,0.3427137174446353,0.9640498420585949,0.0,0,0,0,0,0,0
0.0,0.0,0.0,0.0,0.34821383843081244,0.9618040513159805,0.0,0,0,0,0,0,0
0.0,0.0,0.0,0.0,0.3506157677209099,0.9592404070569861,0.0,0,0,0,0,0,0
0.0,0.0,0.0,0.0,0.024096613158187185,0.9563988213374713,0.0,0,0,0,0,0,0
0.0,0.0,0.0,0.0,4.048576100758865e-08,0.9553542583086552,0.0,0,0,0,0,0,0
0.0,0.0,0.0,0.0,4.048576100758865e-08,0.9545778739780696,0.0,0,0,0,0,0,0
0.0,0.0,0.0,0.0,4.048576100758865e-08,0.9526594355523292,0.0,0,0,0,0,0,0
1.3636715146989367,1.3636715146989367,2.8751225545448733,2.8751225545448733,1.285793895121037,0.9170826538446706,0.0,0,0,0,0,0,0
2.9769279467253575,1.6132564320264209,0.7050129981638942,2.170109556380979,1.2449798106875891,0.8774571165072564,0.0,0,0,0,0,0,0
3.2149805598174837,0.2380526130921261,1.3308514630342325,0.6258384648703383,1.1948828346467462,0.8647913334935565,0.0,0,0,0,0,0,0
3.516475508231717,0.3014949484142333,0.5042530049718077,0.8265984580624248,1.1094869134566072,0.8594832336707348,0.0,0,0,0,0,0,0
5.58125433930383,2.064778831072113,0.3096753270307038,0.19457767794110392,1.0404058584654943,0.8567006999577872,0.0,0,0,0,0,0,0
6.63701740241839,1.0557630631145605,0.17054479432741765,0.13913053270328612,0.45359027320377393,0.84533958213281,0.0,0,0,0,0,0,0
6.676076692189614,0.03905928977122386,0.4359898983359001,0.2654451040084824,0.45457726354617417,0.8437823790954032,0.0,0,0,0,0,0,0
6.678031146978074,0.001954454788459792,0.17366363975585042,0.26232625858004965,0.15104114906790944,0.8465994818779998,0.0,0,0,0,0,0,0
5.721022635858142,-0.9570085111199322,0.0032926845625520507,0.17037095519329837,0.16297154422113772,0.8442878466516667,0.0,0,0,0,0,0,0
3.701742832775203,-2.019279803082939,0.0,0.0032926845625520507,0.1778840810259618,0.8363179404767102,0.0,0,0,0,0,0,0
3.6050104022035914,-0.09673243057161152,0.0,0.0,0.19047078425745323,0.8249397677939846,0.0,0,0,0,0,1,0
6.109901799538918,2.504891397335327,0.01465870808401526,0.01465870808401526,0.07589715926676885,0.8441686965674542,0.0,0,0,0,0,0,0
6.506988550780179,0.39708675124126014,0.03358990270188622,0.01893119461787096,0.014341373998071465,0.8992057299653121,0.0,0,0,0,0,0,0
6.6770427585876355,0.17005420780745695,0.03205151271227046,0.0015383899896157585,0.016438041143955934,0.901182160317124,0.0,0,0,0,0,0,0
6.9577941906897856,0.28075143210215003,0.0030856670877832393,0.028965845624487223,0.015726904339487455,0.9044318055272772,0.0,0,0,0,0,0,0
6.489383637911744,-0.46841055277804156,0.0,0.0030856670877832393,0.015726904339487455,0.9077870704194446,0.0,0,0,0,0,0,0
6.692839457211162,0.20345581929941758,0.0,0.0,0.017467255066298048,0.9112612015218325,0.0,0,0,0,0,1,0
6.949935251497656,0.257095794286494,0.0,0.0,0.014052548947323905,0.9150082196634806,0.0,0,0,0,0,1,0
6.692839457210047,-0.25709579428760865,0.0,0.0,0.001379952273437806,0.918355446158025,0.0,0,0,0,0,1,0
6.497260961358939,-0.19557849585110798,0.006517004196521903,0.006517004196521903,0.0029144928788961705,0.9215230672870313,0.0,0,0,0,0,0,0
6.96565861925594,0.4683976578970013,0.004037209824346188,0.002479794372175715,0.0030204354052925405,0.9440019729345231,0.0,0,0,0,0,0,0
6.700746227100029,-0.2649123921559111,5.612303627167137e-06,0.0040315975207190205,0.0030194557442976364,0.9657347095507511,0.0,0,0,0,0,0,0
6.243949070900209,-0.4567971561998201,0.7996649647716887,0.7996593524680615,0.35645125329429767,0.9717987653329578,0.0,0,0,0,0,0,0
6.700268651329245,0.4563195804290361,0.03456716018234606,0.7650978045893426,0.3528395622289782,0.9597895214656424,0.0,0,0,0,0,0,0
6.442639210759695,-0.2576294405695503,0.01958438854979594,0.014982771632550122,0.35138094138334713,0.9526112198221189,0.0,0,0,0,0,0,0
7.002313903275124,0.5596746925154292,0.2526062576594219,0.23302186910962597,0.339122271685753,0.9496235381482905,0.0,0,0,0,0,0,0
6.234388502490241,-0.7679254007848835,0.9968166580408995,0.7442104003814776,0.45104673942008944,0.9524120267191553,0.0,0,0,0,0,0,0
6.660600573522559,0.4262120710323183,0.5978348092256432,0.3989818488152562,0.41634325439645453,0.944726218303818,0.0,0,0,0,0,0,0
6.49187184100265,-0.1687287325199085,0.81993789414688,0.22210308492123676,0.4011808092802849,0.9220761517595065,0.0,0,0,0,0,0,0
6.5267219949986455,0.034850153995995115,0.5007223214047734,0.31921557274210666,0.2875499992042277,0.8421258624612084,0.0,0,0,0,0,0,0
6.1589365965222695,-0.3677853984763759,0.009037873143288383,0.49168444826148494,0.3754292610936266,0.7632941419345898,0.0,0,0,0,0,0,0
2.9274562336624057,-3.231480362859864,0.013276470061807016,0.004238596918518633,0.3630899336843027,0.7181284604915184,0.0,0,0,0,0,0,0
0.0,-2.9274562336624057,0.0,0.013276470061807016,0.3750209354575056,0.703130399865617,0.0,0,0,0,0,0,0
0.0,0.0,0.0,0.0,0.22151033861651045,0.6859442717452281,0.0,0,0,0,0,0,0
0.0,0.0,0.0,0.0,0.006292094757078606,0.6657821504611217,0.0,0,0,0,0,0,0
0.0,0.0,0.0,0.0,0.005937417912034801,0.6444954616843627,0.0,0,0,0,0,0,0
0.0,0.0,0.0,0.0,4.17586319265926e-08,0.619502377458219,0.0,0,0,0,0,0,0
0.0,0.0,1.6110583810000434,1.6110583810000434,0.7204872111273715,0.589535805006412,0.0,0,0,0,0,0,0
0.0,0.0,1.3985039650312012,0.21255441596884217,0.827621493236591,0.5558514990425518,0.0,0,0,0,0,0,0
0.4220189569205813,0.4220189569205813,0.14870031823915172,1.2498036467920495,0.8028869192697737,0.5179810844082537,0.0,0,0,0,0,0,0
0.22999999999956344,-0.19201895692101784,0.0,0.14870031823915172,0.8028869192697737,0.47006395429395254,0.0,0,0,0,0,0,0
0.0,-0.22999999999956344,0.0,0.0,0.8028869192697737,0.41283134712715946,0.0,0,0,0,0,0,0
1.5040279252726418,1.5040279252726418,0.04900733554999137,0.04900733554999137,0.6063721088116435,0.358912957579703,0.0,0,0,0,0,0,0
6.407503413966753,4.903475488694111,0.0007868542561810798,0.04822048129381029,0.06448664353362439,0.36127072602486054,0.0,0,0,0,0,0,0
6.901854823161303,0.49435140919455023,0.0038109765468208327,0.003024122290639753,0.02146018899981521,0.35090279344967773,0.0,0,0,0,0,0,0
6.404131478974769,-0.4977233441865341,0.0010062999758604363,0.0028046765709603965,0.021338883571437654,0.34246835459601876,0.0,0,0,0,0,0,0
6.910455846034693,0.506324367059924,0.01674266801381119,0.015736368037950754,0.020493344614053714,0.322072758729503,0.0,0,0,0,0,0,0
6.508886233450397,-0.4015696125842956,5.358360985185939e-05,0.01668908440395933,0.007002137148357681,0.33396382941875263,0.0,0,0,0,0,0,0
6.709135562798683,0.20024932934828588,0.0,5.358360985185939e-05,0.007113843291893688,0.44648808336858775,0.0,0,0,0,0,1,0
6.904896813131578,0.19576125033289493,0.0015847718478756434,0.0015847718478756434,0.0072227121428109576,0.674386305988528,0.0,0,0,0,0,0,0
6.513555096872986,-0.3913417162585917,0.007914333622285774,0.006329561774410131,0.007196853843651414,0.8863556354165248,0.0,0,0,0,0,0,0
6.700067163843195,0.1865120669702085,5.994615277504778e-06,0.00790833900700827,0.0034233535766583514,0.9871951286358425,0.0,0,0,0,0,0,0
6.700746227099296,0.0006790632561015641,0.0,5.994615277504778e-06,0.0034307006904754447,0.9883675121722542,0.0,0,0,0,0,1,0
6.70006716384319,-0.000679063256106005,0.0,0.0,0.0034307006904754447,0.9893708284655951,0.0,0,0,0,0,1,0
6.5,-0.20006716384319034,0.0,0.0,0.0035387283291244214,0.9901989009285558,0.0,0,0,0,0,1,0
7.131542610123371,0.631542610123371,0.02148843022874969,0.02148843022874969,0.009609248276574759,0.9905195204943422,0.0,0,0,0,0,0,0
6.7344190543792095,-0.39712355574416147,0.06244592565594554,0.04095749542719585,0.02716731052742982,0.990909529861292,0.0,0,0,0,0,0,0
6.457522744831648,-0.2768963095475616,0.018354447571197863,0.04409147808474768,0.025522206741811625,0.9910729324946913,0.0,0,0,0,0,0,0
6.711810486000139,0.25428774116849073,0.05120470785492737,0.032850260283729504,0.025534302976477453,0.9908883129407099,0.0,0,0,0,0,0,0
6.900181157042803,0.18837067104266403,0.12081439359284296,0.0696096857379156,0.04143430486191961,0.9945462077650756,0.0,0,0,0,0,0,0
5.587745520332313,-1.3124356367104895,0.006741366037662733,0.11407302755518023,0.044792575255737016,0.9948647249270505,0.0,0,0,0,0,0,0
3.4832312584722716,-2.1045142618600416,0.2402056067787104,0.23346424074104766,0.09624091818410803,0.9919253148098922,0.0,0,0,0,0,0,0
3.6124783736380666,0.129247115165795,0.0025598461456892707,0.23764576063302112,0.09928740082019745,0.9920560632674569,0.0,0,0,0,0,0,0
3.5889970743929287,-0.023481299245137865,0.639641347974985,0.6370815018292957,0.26338328978900777,0.9882392368673354,0.0,0,0,0,0,0,0
3.4680830439880923,-0.12091403040483639,0.019934277016195878,0.6197070709587891,0.2747739906791089,0.9790394600528732,0.0,0,0,0,0,0,0
3.486387815490614,0.018304771502521522,0.504701219449085,0.4847669424328891,0.28548792942013523,0.9731801922583713,0.0,0,1,0,0,0,1
2.1100947846015052,-1.3762930308891086,0.5168876742690007,0.01218645481991576,0.3018508007340194,0.9700682375954748,0.0,0,1,0,0,0,1
0.010000000000218279,-2.100094784601287,0.0,0.5168876742690007,0.3025606510976923,0.9684718505846133,0.0,0,1,0,0,0,1
2.1294130646730824,2.119413064672864,1.0651975023547158,1.0651975023547158,0.43854443453981573,0.9593548602798024,0.0,0,0,0,0,0,0
4.104741161144972,1.9753280964718893,1.4198559766722225,0.35465847431750674,0.5507324114697172,0.9481540761866336,0.0,0,0,0,0,0,0
6.611021101161035,2.5062799400160634,0.04561381480074588,1.3742421618714766,0.6249743884176968,0.9244456485870931,0.0,0,0,0,0,0,0
6.709135562797944,0.09811446163690896,0.02008586715064853,0.025527947650097353,0.6804139251268745,0.9085261516609024,0.0,0,0,0,0,0,0
6.537920158582826,-0.17121540421511838,0.18633007115889108,0.16624420400824255,0.6499066754471672,0.8951551297819516,0.0,0,0,0,0,0,0
4.8964170574003525,-1.6415031011824732,1.6489538271267927,1.4626237559679016,0.8010380146283895,0.9010246202663984,0.0,0,0,0,0,0,0
5.367951192028951,0.47153413462859817,0.6738985541636109,0.9750552729631818,0.6863649433185463,0.8641501476441671,0.0,0,0,0,0,0,0
6.529356783021702,1.161405590992751,1.0194797349959068,0.34558118083229594,0.6574432868782172,0.8060588665066704,0.0,0,0,0,0,0,0
6.012694903285027,-0.5166618797366747,0.816334160186281,0.2031455748096258,0.5333499366471705,0.7739666756133343,0.0,0,0,0,0,0,0
7.208612904020663,1.1959180007356363,0.7258840371857762,0.09045012300050481,0.39814245521024866,0.72424809997737,0.0,0,0,0,0,0,0
3.875874094963312,-3.3327388090573513,0.9812706388180235,0.25538660163224725,0.1527135258701647,0.6365887600798508,0.0,0,0,0,0,0,0
5.144171459039824,1.268297364076512,1.4961075597597122,0.5148369209416888,0.29808567261722135,0.5338261410656051,0.0,0,0,0,0,0,0
6.453100030217875,1.3089285711780514,0.11253826655498476,1.3835692932047274,0.4980703969142225,0.4598246595164391,0.0,0,0,0,0,0,0
5.434740104181661,-1.0183599260362142,0.36017218225383396,0.24763391569884918,0.5403636181271659,0.4237640785691792,0.0,0,0,0,0,0,0
3.156833856888182,-2.2779062472934792,0.37156719584875186,0.011395013594917902,0.564579806612015,0.41036250042587263,0.0,0,0,0,0,0,0
2.501379619329765,-0.6554542375584171,2.862223933390225,2.4906567375414728,1.1508351696074826,0.38739582340497974,0.0,0,0,0,0,0,0
2.5200992043957573,0.018719585065992472,0.3835296969269393,2.4786942364632853,1.148281406121991,0.35346480951669945,0.0,0,0,0,0,0,0
2.531481779510893,0.01138257511513574,0.2854747348666189,0.09805496206032038,1.1240689573358287,0.3438301961935747,0.0,0,0,0,0,0,0
3.2487074352733325,0.7172256557624395,1.7284407109987079,1.442965976132089,1.140649133139153,0.30850036238188844,0.0,0,0,0,0,0,0
2.9769951293215113,-0.27171230595182116,0.00015478041871458403,1.7282859305799934,1.2119482881340595,0.2833123626454452,0.0,0,0,0,0,0,0
3.256086608184223,0.27909147886271146,0.31325289183105565,0.31309811141234106,0.6790583453104367,0.25164564563163266,0.0,0,0,0,0,0,0
2.5714781741243513,-0.6846084340598715,0.6407196396231548,0.32746674779209917,0.6737574875518486,0.21878733695280358,0.0,0,0,0,0,0,0
2.362117693934272,-0.20936048019007947,1.413522600247091,0.7728029606239363,0.7311994955350962,0.2758961011299325,0.0,0,0,0,0,0,0
5.608029957124402,3.2459122631901303,0.6876607128635852,0.7258618873835059,0.527396399588143,0.37057494447160166,0.0,0,0,0,0,0,0
1.5430165261589104,-4.065013430965491,0.1113057097529675,0.5763550031106177,0.4966552210270488,0.46644164294552976,0.0,0,0,0,0,0,0
0.0,-1.5430165261589104,0.00017690667717951136,0.11112880307578799,0.5624660445487178,0.504800328022968,0.0,0,0,0,0,0,0
0.0,0.0,0.0,0.00017690667717951136,0.6132157627203483,0.4792398947237908,0.0,0,0,0,0,0,0
0.0,0.0,0.0,0.0,0.2989733416981837,0.4348933385488956,0.0,0,0,0,0,0,0
0.7100000000000364,0.7100000000000364,0.0,0.0,0.04975770685626113,0.4260527036270997,0.0,0,0,0,0,1,0
1.9589793260773798,1.2489793260773434,1.7896080563693693,1.7896080563693693,0.800317278322889,0.42090872957599135,0.0,0,0,0,0,0,0
3.29660431353222,1.3376249874548403,0.7996023800181218,0.9900056763512475,0.7907684276659672,0.34063449873935886,0.0,0,0,0,0,0,0
4.401238462068764,1.1046341485365438,0.06990929199601092,0.7296930880221109,0.7798661302884806,0.20994222719041974,0.0,0,0,0,0,0,0
1.1992080720209972,-3.2020303900477667,0.015915649337872484,0.05399364265813844,0.7771805974388846,0.1733345310093167,0.0,0,0,0,0,0,0
0.0,-1.1992080720209972,0.0,0.015915649337872484,0.7771805974388846,0.22830293278848188,0.0,0,1,0,0,0,1
0.0,0.0,0.0,0.0,0.34918056749072107,0.3155079147596294,0.0,0,1,0,0,0,1
0.0,0.0,0.0,0.0,0.03027966681722671,0.35945906208602807,0.0,0,0,0,0,0,0
0.0,0.0,0.0,0.0,0.007117694765325059,0.3195354435396185,0.0,0,0,0,0,0,0
0.0,0.0,0.0,0.0,5.585121368831697e-08,0.32175923111209437,0.0,0,1,0,0,0,1
0.0,0.0,0.0,0.0,5.585121368831697e-08,0.2901033472598288,0.0,0,0,0,0,0,0
0.0,0.0,0.0,0.0,5.585121368831697e-08,0.2862207441622017,0.0,0,0,0,0,0,0
0.0,0.0,0.0,0.0,5.585121368831697e-08,0.28677891826898777,0.0,0,1,0,0,0,1
0.43829214001520655,0.43829214001520655,0.0749977712284724,0.0749977712284724,0.0335400229256144,0.2632819353608361,0.0,0,1,0,0,0,1
0.0,-0.43829214001520655,0.0,0.0749977712284724,0.0335400229256144,0.31402105442764766,0.0,0,1,0,0,0,1
0.5916924876985159,0.5916924876985159,0.009368475342647287,0.009368475342647287,0.032744851913684814,0.48986052672892105,0.0,0,0,0,0,0,0
0.0,-0.5916924876985159,0.0,0.009368475342647287,0.032744851913684814,0.6074262662397226,0.0,0,0,0,0,0,0
0.8324061508665103,0.8324061508665103,0.7918512671157877,0.7918512671157877,0.3461175511997478,0.6281858363908291,0.0,0,0,0,0,0,0
1.3200378782452147,0.4876317273787044,0.6384140254164309,0.1534372416993568,0.3937574089113844,0.5705546952736984,0.0,0,0,0,0,0,0
3.7613295521665893,2.4412916739213744,1.0861576375987014,0.44774361218227055,0.4843817281681637,0.38671859468843495,0.0,0,0,0,0,0,0
6.603029607687148,2.8417000555205587,0.2754950402380585,0.810662597360643,0.4275732794905486,0.3487068610897975,0.0,0,0,0,0,0,0
6.71956099756542,0.11653138987827205,0.012210673138846495,0.263284367099212,0.423603127544331,0.369459573864828,0.0,0,0,0,0,0,0
3.3275967303749248,-3.3919642671904953,0.057167128994151994,0.0449564558553055,0.450029295646267,0.5252790088639606,0.0,0,0,0,0,0,0
0.0,-3.3275967303749248,0.0,0.057167128994151994,0.4608371364064568,0.7768010748942002,0.0,0,1,0,0,0,1
0.0,0.0,0.0,0.0,0.11782109625476665,0.8633453269149133,0.0,0,1,0,0,0,1
0.0,0.0,0.0,0.0,0.024771582964095512,0.8633453269149133,0.0,0,1,0,0,0,1
0.0,0.0,0.0,0.0,0.025565917301941455,0.8633453269149133,0.0,0,0,0,0,0,0
2.805155967144454,2.805155967144454,0.771396285054615,0.771396285054615,0.3449789061945886,0.7908413942018697,0.0,0,0,0,0,0,0
2.912043955711308,0.10688798856685411,0.12904761154596978,0.6423486735086452,0.33524083598837623,0.76211434537111,0.0,0,0,0,0,0,0
0.83240615086745,-2.079637804843858,0.2001089980670705,0.07106138652110072,0.31996319747625895,0.7566582456720492,0.0,0,0,0,0,0,0
2.135907301357937,1.303501150490487,0.04430667463899817,0.15580232342807232,0.31287837911885175,0.741623079098996,0.0,0,0,0,0,0,0
2.768122107132165,0.6322148057742281,2.6360126402723854,2.591705965633387,1.0889531571432645,0.6310555596566622,0.0,0,0,0,0,0,0
6.3704709402051645,3.6023488330729996,0.8217274217147658,1.8142852185576195,1.089361597197828,0.3816244478167646,0.0,0,0,0,0,0,0
6.685215030199679,0.3147440899945142,0.1317347506805591,0.6899926710342067,1.088969246761326,0.20277146957377726,0.0,0,0,0,0,0,0
6.646961711940026,-0.0382533182596525,0.033544060905796196,0.09819068977476289,1.1129224579834676,0.11077939699196507,0.0,0,0,0,0,0,0
2.002598312192896,-4.64436339974713,0.4182490132541208,0.3847049523483246,1.066634995476418,0.1148778472410975,0.0,0,0,0,0,0,0
2.866984478507622,0.8643861663147261,0.9386397069239891,0.5203906936698683,0.4033990673236123,0.11562467798530673,0.0,0,0,0,0,0,0
1.8216476058770936,-1.0453368726305283,1.8025804015760898,0.8639406946521007,0.726801610681533,0.08558144263468238,0.0,0,0,0,0,0,0
1.7839282496777606,-0.037719356199332976,0.157957446222323,1.6446229553537668,0.7220712860170659,0.08522949413273737,0.0,0,0,0,0,0,0
3.0955613384334764,1.3116330887557157,0.7714111986616672,0.6134537524393442,0.6288043766762783,0.06962278423685031,0.0,0,0,0,0,0,0
0.10198039027033601,-2.9935809481631406,0.0,0.7714111986616672,0.7168894678582536,0.17673314155677713,0.0,0,0,0,0,0,0
0.02999999999974534,-0.07198039027059067,0.0,0.0,0.7708133330925692,0.33459479115041457,0.0,0,0,0,0,1,0
0.17204650534133042,0.14204650534158508,0.0,0.0,0.33439519158438,0.43566414947466925,0.0,0,0,0,0,1,0
0.02999999999974534,-0.14204650534158508,0.0,0.0,0.34498557576242006,0.4360566805290932,0.0,0,0,0,0,1,0
0.0,-0.02999999999974534,0.0,0.0,0.0,0.4360566805290932,0.0,0,0,0,0,0,0
0.0,0.0,0.0,0.0,0.0,0.4360566805290932,0.0,0,0,0,0,0,0
0.0,0.0,0.0,0.0,0.0,0.4360566805290932,0.0,0,0,0,0,0,0
0.0,0.0,0.0,0.0,0.0,0.47285916998319016,0.0,0,0,0,0,0,0
0.0,0.0,0.0,0.0,0.0,0.5437441563770589,0.0,0,0,0,0,0,0
0.0,0.0,0.0,0.0,0.0,0.5677864615280389,0.0,0,0,0,0,0,0
0.0,0.0,0.0,0.0,0.0,0.6329517807209385,0.0,0,0,0,0,0,0
0.0,0.0,0.0,0.0,0.0,0.6346351153753845,0.0,0,0,0,0,0,0
0.0,0.0,0.0,0.0,0.0,0.5483903623564843,0.0,0,0,0,0,0,0
0.0,0.0,0.0,0.0,0.0,0.4204478311095062,0.0,0,0,0,0,0,0
0.0,0.0,0.0,0.0,0.0,0.3461181532115091,0.0,0,0,0,0,0,0
