jogador_sessao,janela_analise_10s,inicio_janela_s,fim_janela_s,amostras,vel_posicao_media,vel_posicao_max,aceleracao_media,aceleracao_max,vel_rotacao_media,vel_rotacao_max,vel_rotacao_std,jitter_medio,entropia_media,eficiencia_trajeto_media,variacao_camera_media,angulo_alvo_medio,angulo_alvo_min,distancia_alvo_media,distancia_alvo_max,taxa_alvo_encontrado,taxa_alvo_na_mira,taxa_visao_direta,taxa_alvo_oculto,taxa_mirando_alvo,taxa_mira_oculta,duracao_rastreando_oculto_max,duracao_mirando_oculto_max,duracao_perseguicao_oculta_max,duracao_speedhack_max,pontos_evento_total,pontos_suspeita_60s_max,tipos_evidencia_60s_max,nivel_suspeita_max,indice_regra_0a1,padrao_suspeito,candidato_revisao,candidato_banimento
1,0,0.0,9.801,11,0.38012910180559006,1.5571921911551152,0.11530031506279997,1.5587509420972123,0.1487152738410009,0.9781847809284335,0.3348933727735283,0.1761018858419404,0.10906037635462905,0.0,0.08291503318360181,38.614675090909095,0.876926,3.36711,4.48064,1.0,0.09090909090909091,0.9090909090909091,0.09090909090909091,0.0,0.0,1.0,0.0,0.0,0.0,0,0,0,0,0.0,0,0,0
1,1,10.802,19.823,10,0.985096408765649,2.405444607614628,-0.07535160818914069,2.12283878248346,0.44245315141947844,1.2411771266590257,0.4740519623793868,0.34783798151271544,0.38850835064239386,0.04250809849569563,0.4100574777074897,103.36102000000001,40.342,6.217408000000001,8.13373,1.0,0.0,0.5,0.0,0.0,0.0,0.0,0.0,0.0,0.0,0,0,0,0,0.0,0,0,0
1,2,20.807,29.825,10,1.7148006691953852,3.0175389952137457,-0.0492461529592878,2.295560403935003,0.6112244999280116,1.888169565885302,0.6105413479903535,0.6775638074042564,0.5422235438257283,0.4291853650961729,0.49519035506629094,136.98116,56.5177,12.316725,15.1839,1.0,0.0,0.0,0.0,0.0,0.0,0.0,0.0,0.0,0.0,0,0,0,0,0.0,0,0,0
1,3,30.816,39.831,10,0.1619543118299292,1.6184387006286154,-0.001613601789994995,1.6087859847202937,0.022421473309475783,0.22421465550885442,0.07090289689371022,0.044842928606154034,0.21877201044911807,0.3323839375543718,0.4484718858866038,169.5836,169.547,13.55513,13.7709,1.0,0.0,0.0,0.0,0.0,0.0,0.0,0.0,0.0,0.0,0,0,0,0,0.0,0,0,0
1,4,40.831,49.84,10,0.0,0.0,0.0,0.0,0.0,0.0,0.0,0.0,0.0,0.49906483474410746,0.021270869614426778,169.5653,169.556,13.76176,13.7682,1.0,0.0,0.0,0.0,0.0,0.0,0.0,0.0,0.0,0.0,0,0,0,0,0.0,0,0,0
1,5,50.841,59.848,10,0.7682866234520063,2.109675093466807,0.20159922432575525,1.8869590703657175,0.32463478069329804,1.9094808032694963,0.6139273113966003,0.38169815026747317,0.4195352310524344,0.7486173445306173,0.3234312544100833,90.009759,8.10045,14.194460000000001,16.2291,1.0,0.0,0.0,0.0,0.0,0.0,0.0,0.0,0.0,0.0,0,0,0,0,0.0,0,0,0
1,6,60.847,69.859,10,1.5931118955924273,5.153026052259825,0.31348762060977375,4.306245796745147,0.10809159835057533,0.2798546206128382,0.10146977590178106,0.0700492278885411,0.0940365761468276,0.45564831465904615,0.36404931110724503,12.408812000000001,8.41618,10.15409,11.4091,1.0,0.0,0.0,0.0,0.0,0.0,0.0,0.0,0.0,0.0,0,0,0,0,0.0,0,0,0
1,7,70.864,79.874,10,2.463503133514403,5.7060372624186275,-0.4492447446368139,3.1325589788037957,0.6321942224789844,1.989606084745242,0.778651461405125,0.5868749190457627,0.6952238391450491,0.6039813902950568,0.5594976625872172,30.245706000000002,5.40381,12.309649,18.2416,1.0,0.0,0.9,0.0,0.0,0.0,0.0,0.0,0.0,0.0,0,0,0,0,0.0,0,0,0
1,8,80.874,89.889,10,1.0385831943021562,1.9474977148556623,0.08999444583122969,1.6830278982614633,0.046674577950834475,0.10347161144339154,0.035341783488076636,0.046166896232400896,0.05886216328089013,0.5757215190750957,0.4103017217029571,6.229126,5.49562,17.53256,17.6616,1.0,0.0,1.0,0.0,0.0,0.0,0.0,0.0,0.0,0.0,0,0,0,0,0.0,0,0,0
1,9,90.881,99.89,10,2.0266333293838414,6.33779742935448,-0.18196383183664672,3.914299405719917,0.5208854638454301,2.215060196031652,0.6541226867898288,0.44431669340053065,0.39242614523222097,0.37786792117027057,0.31610190306512476,63.68050100000001,5.76068,9.522112,17.9753,1.0,0.0,0.4,0.0,0.0,0.0,0.0,0.0,0.0,0.0,0,0,0,0,0.0,0,0,0
1,10,100.893,109.901,10,2.20003853038991,5.651048127323789,0.3091593027625905,3.8887386543737823,0.8196703657302699,1.843829789554998,0.6751165414828976,0.5184931009489767,0.5235612463852719,0.39259577429595677,0.5808087472341344,50.576677000000004,6.43721,11.176435999999999,17.7299,1.0,0.0,0.0,0.0,0.0,0.0,0.0,0.0,0.0,0.0,0,0,0,0,0.0,0,0,0
1,11,110.902,119.916,10,1.2498345593040594,3.638839396935991,-0.3110621428933359,0.9837329499972276,0.3582660154497002,1.4216252042219688,0.46124387083292656,0.4417657676013308,0.5892767760843448,0.5413101214790441,0.6474734894899686,162.3189,100.283,27.829880000000003,29.6559,1.0,0.0,0.0,0.0,0.0,0.0,0.0,0.0,0.0,0.0,0,0,0,0,0.0,0,0,0
1,12,120.921,129.922,10,0.0,0.0,0.0,0.0,0.0,0.0,0.0,0.0,0.0,0.8031775131641707,0.192498555019077,175.8066,175.798,29.649549999999998,29.6569,1.0,0.0,0.0,0.0,0.0,0.0,0.0,0.0,0.0,0.0,0,0,0,0,0.0,0,0,0
1,13,130.93,139.932,10,0.0,0.0,0.0,0.0,0.0,0.0,0.0,0.0,0.0,0.5300382833037964,0.0,175.8066,175.798,29.651120000000002,29.656,1.0,0.0,0.0,0.0,0.0,0.0,0.0,0.0,0.0,0.0,0,0,0,0,0.0,0,0,0
1,14,140.932,149.945,10,0.0,0.0,0.0,0.0,0.0,0.0,0.0,0.0,0.0,0.0,0.0,175.8048,175.799,29.65028,29.6551,1.0,0.0,0.0,0.0,0.0,0.0,0.0,0.0,0.0,0.0,0,0,0,0,0.0,0,0,0
1,15,150.943,159.96,10,0.0,0.0,0.0,0.0,0.0,0.0,0.0,0.0,0.0,0.0,0.0,175.8056,175.8,29.649670000000004,29.655,1.0,0.0,0.0,0.0,0.0,0.0,0.0,0.0,0.0,0.0,0,0,0,0,0.0,0,0,0
1,16,160.955,169.963,10,0.0,0.0,0.0,0.0,0.0,0.0,0.0,0.0,0.0,0.0,0.0,175.8076,175.799,29.65108,29.6559,1.0,0.0,0.0,0.0,0.0,0.0,0.0,0.0,0.0,0.0,0,0,0,0,0.0,0,0,0
1,17,170.963,179.973,10,0.0,0.0,0.0,0.0,0.0,0.0,0.0,0.0,0.0,0.0,0.0,175.8062,175.797,29.64975,29.656,1.0,0.0,0.0,0.0,0.0,0.0,0.0,0.0,0.0,0.0,0,0,0,0,0.0,0,0,0
1,18,180.983,189.992,10,0.0,0.0,0.0,0.0,0.0,0.0,0.0,0.0,0.0,0.0,0.0,175.8066,175.799,29.651009999999996,29.6551,1.0,0.0,0.0,0.0,0.0,0.0,0.0,0.0,0.0,0.0,0,0,0,0,0.0,0,0,0
1,19,190.985,199.994,10,0.0,0.0,0.0,0.0,0.0,0.0,0.0,0.0,0.0,0.0,0.0,175.8049,175.799,29.65027,29.655,1.0,0.0,0.0,0.0,0.0,0.0,0.0,0.0,0.0,0.0,0,0,0,0,0.0,0,0,0
1,20,201.005,209.007,9,0.0,0.0,0.0,0.0,0.0,0.0,0.0,0.0,0.0,0.0,0.0,175.80677777777777,175.801,29.649766666666665,29.656,1.0,0.0,0.0,0.0,0.0,0.0,0.0,0.0,0.0,0.0,0,0,0,0,0.0,0,0,0
1,21,210.007,219.014,10,0.0,0.0,0.0,0.0,0.0,0.0,0.0,0.0,0.0,0.0,0.0,175.807,175.798,29.65109,29.6569,1.0,0.0,0.0,0.0,0.0,0.0,0.0,0.0,0.0,0.0,0,0,0,0,0.0,0,0,0
1,22,220.015,229.026,10,0.0,0.0,0.0,0.0,0.0,0.0,0.0,0.0,0.0,0.0,0.0,175.8057,175.798,29.650260000000003,29.6561,1.0,0.0,0.0,0.0,0.0,0.0,0.0,0.0,0.0,0.0,0,0,0,0,0.0,0,0,0
1,23,230.033,239.034,10,0.0,0.0,0.0,0.0,0.0,0.0,0.0,0.0,0.0,0.0,0.0,175.8058,175.799,29.65036,29.6552,1.0,0.0,0.0,0.0,0.0,0.0,0.0,0.0,0.0,0.0,0,0,0,0,0.0,0,0,0
1,24,240.049,249.044,10,0.0,0.0,0.0,0.0,0.0,0.0,0.0,0.0,0.0,0.0,0.0,175.80689999999998,175.8,29.6509,29.656,1.0,0.0,0.0,0.0,0.0,0.0,0.0,0.0,0.0,0.0,0,0,0,0,0.0,0,0,0
1,25,250.045,259.06,10,0.0,0.0,0.0,0.0,0.0,0.0,0.0,0.0,0.0,0.0,0.0,175.8063,175.799,29.649540000000002,29.6559,1.0,0.0,0.0,0.0,0.0,0.0,0.0,0.0,0.0,0.0,0,0,0,0,0.0,0,0,0
1,26,260.066,269.081,10,0.0,0.0,0.0,0.0,0.0,0.0,0.0,0.0,0.0,0.0,0.0,175.80689999999998,175.798,29.651100000000003,29.6569,1.0,0.0,0.0,0.0,0.0,0.0,0.0,0.0,0.0,0.0,0,0,0,0,0.0,0,0,0
1,27,270.066,279.076,10,0.0,0.0,0.0,0.0,0.0,0.0,0.0,0.0,0.0,0.0,0.0,175.8053,175.799,29.65018,29.6552,1.0,0.0,0.0,0.0,0.0,0.0,0.0,0.0,0.0,0.0,0,0,0,0,0.0,0,0,0
1,28,280.076,289.084,10,0.0,0.0,0.0,0.0,0.0,0.0,0.0,0.0,0.0,0.0,0.0,175.8055,175.8,29.650150000000004,29.6543,1.0,0.0,0.0,0.0,0.0,0.0,0.0,0.0,0.0,0.0,0,0,0,0,0.0,0,0,0
1,29,290.094,299.098,10,0.0,0.0,0.0,0.0,0.0,0.0,0.0,0.0,0.0,0.0,0.0,175.8072,175.8,29.651,29.6559,1.0,0.0,0.0,0.0,0.0,0.0,0.0,0.0,0.0,0.0,0,0,0,0,0.0,0,0,0
1,30,300.096,309.117,10,0.0,0.0,0.0,0.0,0.0,0.0,0.0,0.0,0.0,0.0,0.0,175.8065,175.798,29.64945,29.6569,1.0,0.0,0.0,0.0,0.0,0.0,0.0,0.0,0.0,0.0,0,0,0,0,0.0,0,0,0
1,31,310.115,319.115,10,0.0,0.0,0.0,0.0,0.0,0.0,0.0,0.0,0.0,0.0,0.0,175.8067,175.798,29.651,29.656,1.0,0.0,0.0,0.0,0.0,0.0,0.0,0.0,0.0,0.0,0,0,0,0,0.0,0,0,0
1,32,320.129,329.126,10,0.0,0.0,0.0,0.0,0.0,0.0,0.0,0.0,0.0,0.0,0.0,175.805,175.799,29.65036,29.6543,1.0,0.0,0.0,0.0,0.0,0.0,0.0,0.0,0.0,0.0,0,0,0,0,0.0,0,0,0
1,33,330.132,339.136,10,0.0,0.0,0.0,0.0,0.0,0.0,0.0,0.0,0.0,0.0,0.0,175.8055,175.8,29.64968,29.655,1.0,0.0,0.0,0.0,0.0,0.0,0.0,0.0,0.0,0.0,0,0,0,0,0.0,0,0,0
1,34,340.144,349.153,10,0.0,0.0,0.0,0.0,0.0,0.0,0.0,0.0,0.0,0.0,0.0,175.8077,175.799,29.65117,29.6559,1.0,0.0,0.0,0.0,0.0,0.0,0.0,0.0,0.0,0.0,0,0,0,0,0.0,0,0,0
1,35,350.157,359.163,10,0.0,0.0,0.0,0.0,0.0,0.0,0.0,0.0,0.0,0.0,0.0,175.8061,175.797,29.649759999999997,29.657,1.0,0.0,0.0,0.0,0.0,0.0,0.0,0.0,0.0,0.0,0,0,0,0,0.0,0,0,0
1,36,360.157,369.174,10,0.0,0.0,0.0,0.0,0.0,0.0,0.0,0.0,0.0,0.0,0.0,175.8065,175.798,29.65111,29.6561,1.0,0.0,0.0,0.0,0.0,0.0,0.0,0.0,0.0,0.0,0,0,0,0,0.0,0,0,0
1,37,370.172,379.178,10,0.0,0.0,0.0,0.0,0.0,0.0,0.0,0.0,0.0,0.0,0.0,175.805,175.799,29.650170000000003,29.655,1.0,0.0,0.0,0.0,0.0,0.0,0.0,0.0,0.0,0.0,0,0,0,0,0.0,0,0,0
1,38,380.182,389.194,10,0.0,0.0,0.0,0.0,0.0,0.0,0.0,0.0,0.0,0.0,0.0,175.80599999999998,175.799,29.64986,29.656,1.0,0.0,0.0,0.0,0.0,0.0,0.0,0.0,0.0,0.0,0,0,0,0,0.0,0,0,0
1,39,390.19,399.2,10,0.0,0.0,0.0,0.0,0.0,0.0,0.0,0.0,0.0,0.0,0.0,175.8076,175.797,29.65127,29.6569,1.0,0.0,0.0,0.0,0.0,0.0,0.0,0.0,0.0,0.0,0,0,0,0,0.0,0,0,0
1,40,400.208,409.21,10,0.0,0.0,0.0,0.0,0.0,0.0,0.0,0.0,0.0,0.0,0.0,175.8058,175.798,29.64987,29.6561,1.0,0.0,0.0,0.0,0.0,0.0,0.0,0.0,0.0,0.0,0,0,0,0,0.0,0,0,0
1,41,410.222,419.224,10,0.0,0.0,0.0,0.0,0.0,0.0,0.0,0.0,0.0,0.0,0.0,175.8064,175.799,29.65102,29.6552,1.0,0.0,0.0,0.0,0.0,0.0,0.0,0.0,0.0,0.0,0,0,0,0,0.0,0,0,0
1,42,420.229,429.232,10,0.0,0.0,0.0,0.0,0.0,0.0,0.0,0.0,0.0,0.0,0.0,175.8055,175.8,29.65016,29.656,1.0,0.0,0.0,0.0,0.0,0.0,0.0,0.0,0.0,0.0,0,0,0,0,0.0,0,0,0
1,43,430.24,439.257,10,0.0,0.0,0.0,0.0,0.0,0.0,0.0,0.0,0.0,0.0,0.0,175.8061,175.798,29.64975,29.6559,1.0,0.0,0.0,0.0,0.0,0.0,0.0,0.0,0.0,0.0,0,0,0,0,0.0,0,0,0
1,44,440.261,449.257,10,0.0,0.0,0.0,0.0,0.0,0.0,0.0,0.0,0.0,0.0,0.0,175.8075,175.798,29.651190000000003,29.6569,1.0,0.0,0.0,0.0,0.0,0.0,0.0,0.0,0.0,0.0,0,0,0,0,0.0,0,0,0
1,45,450.27,459.269,10,0.0,0.0,0.0,0.0,0.0,0.0,0.0,0.0,0.0,0.0,0.0,175.8057,175.799,29.649880000000003,29.6552,1.0,0.0,0.0,0.0,0.0,0.0,0.0,0.0,0.0,0.0,0,0,0,0,0.0,0,0,0
1,46,460.265,469.285,10,0.0,0.0,0.0,0.0,0.0,0.0,0.0,0.0,0.0,0.0,0.0,175.8067,175.8,29.65081,29.655,1.0,0.0,0.0,0.0,0.0,0.0,0.0,0.0,0.0,0.0,0,0,0,0,0.0,0,0,0
1,47,470.285,479.292,10,0.0,0.0,0.0,0.0,0.0,0.0,0.0,0.0,0.0,0.0,0.0,175.8058,175.8,29.650350000000003,29.6559,1.0,0.0,0.0,0.0,0.0,0.0,0.0,0.0,0.0,0.0,0,0,0,0,0.0,0,0,0
1,48,480.297,489.303,10,0.0,0.0,0.0,0.0,0.0,0.0,0.0,0.0,0.0,0.0,0.0,175.8061,175.798,29.64966,29.6569,1.0,0.0,0.0,0.0,0.0,0.0,0.0,0.0,0.0,0.0,0,0,0,0,0.0,0,0,0
1,49,490.302,499.308,10,0.0,0.0,0.0,0.0,0.0,0.0,0.0,0.0,0.0,0.0,0.0,175.8071,175.799,29.651100000000003,29.656,1.0,0.0,0.0,0.0,0.0,0.0,0.0,0.0,0.0,0.0,0,0,0,0,0.0,0,0,0
1,50,500.317,509.317,10,0.18139627821778967,0.9007324579606919,0.04222696271310293,0.9070820321859938,0.05735655783023645,0.5251833555800327,0.164677741936967,0.10800533353570255,0.11950215542948488,0.8740878368566453,0.1492196197398085,149.6232,146.435,30.527230000000003,31.2836,1.0,0.0,0.0,0.0,0.0,0.0,0.0,0.0,0.0,0.0,0,0,0,0,0.0,0,0,0
1,51,510.324,519.328,10,0.0,0.0,-0.04110893990792909,0.0,0.0,0.0,0.0,0.0029686653466030532,0.005358512639219,0.8914897977076761,0.024521777137243815,146.43630000000002,146.425,31.28659,31.2919,1.0,0.0,0.0,0.0,0.0,0.0,0.0,0.0,0.0,0.0,0,0,0,0,0.0,0,0,0
1,52,520.331,529.347,10,0.0,0.0,0.0,0.0,0.0,0.0,0.0,0.0,0.0,0.8705770148829048,0.0,146.4347,146.42,31.286459999999998,31.292,1.0,0.0,0.0,0.0,0.0,0.0,0.0,0.0,0.0,0.0,0,0,0,0,0.0,0,0,0
1,53,530.34,539.35,10,0.020000022500060104,0.20000022500060105,0.020000022500060104,0.20000022500060105,0.04462489377881884,0.4462489377881884,0.1411163046841457,0.04462489377881884,0.019956859195629277,0.09999988750018983,0.014111630468414571,148.9461,146.418,31.304610000000004,31.4731,1.0,0.0,0.0,0.0,0.0,0.0,0.0,0.0,0.0,0.0,0,0,0,0,0.0,0,0,0
1,54,540.366,549.36,10,2.211601569083551,5.465156763167923,0.521648077489128,3.9472520137414864,0.6231383736359827,1.9077262379916633,0.7069593822901091,0.42651977381620376,0.5790178422463582,0.49124520716659587,0.696518015130668,25.110378,3.35952,29.70473,34.7302,1.0,0.4,0.0,0.4,0.3,0.3,4.008,3.01,0.0,0.0,1,1,1,1,0.16666666666666666,1,0,0
1,55,550.362,559.371,10,3.3722519617626183,6.742738843682037,-0.4270003701224333,3.027729356828579,0.09751841563225555,0.6101670329871328,0.185831133440046,0.14444995538721064,0.1610140201164496,0.5489309473111815,0.284277402820601,15.068637999999998,4.5042,10.631086,23.0278,1.0,0.1,0.5,0.1,0.1,0.1,1.002,1.002,0.0,0.0,0,1,1,1,0.16666666666666666,1,0,0
1,56,560.378,569.384,10,0.4610641946397903,2.702702702703431,-0.1197660455110218,2.6050068068017436,0.33130579846377806,1.6337693349747273,0.6222051983118649,0.5972161731270523,0.37151438400226444,0.45102803473617986,0.297337712916096,23.034628,7.4716,11.68534,13.4331,1.0,0.0,1.0,0.0,0.0,0.0,0.0,0.0,0.0,0.0,0,1,1,1,0.16666666666666666,1,0,0
1,57,570.624,579.636,10,2.00366910076617,6.793941525319425,0.028951215037387713,2.873871442692134,0.3209266125716236,1.6235759391829847,0.569238281116603,0.52715381948883,0.5046844230072717,0.4493343946604874,0.6121682664011618,70.63389600000001,3.75953,15.607049999999997,20.9356,1.0,0.3,0.5,0.0,0.3,0.0,0.0,0.0,0.0,0.0,0,1,1,1,0.16666666666666666,1,0,0
1,58,580.645,589.647,10,3.2133178929079187,6.635755848751269,0.6417673398559792,3.0006569981651885,0.6786682299253772,2.1852678841679762,0.8582119022648123,0.8219244429256,0.7848360273305927,0.7115884243165429,0.7406277257245572,125.95356,40.2436,28.891910000000003,46.7638,1.0,0.0,0.0,0.0,0.0,0.0,0.0,0.0,0.0,0.0,0,1,1,1,0.16666666666666666,1,0,0
1,59,590.648,599.669,10,4.6292364637283825,6.675891469478188,-0.4721256698905864,4.572299716387474,0.9375320888444492,2.6347185947421625,0.7270784829781238,0.8014788709746169,0.7205599372086802,0.7798249536616984,0.7604248144955059,98.204724,8.85024,61.119820000000004,70.674,1.0,0.0,0.0,0.0,0.0,0.0,0.0,0.0,0.0,0.0,0,1,1,1,0.16666666666666666,1,0,0
1,60,600.66,609.674,10,1.1445221029180073,3.2479464906338302,-0.28601699920676155,1.2318843939071966,0.41815801866237157,1.7416739875591751,0.659927222954825,0.5600084379471622,0.6098840133791978,0.49803802623185345,0.7147898600020687,59.02162,10.8097,62.60157,65.0107,1.0,0.0,0.0,0.0,0.0,0.0,0.0,0.0,0.0,0.0,0,1,1,1,0.16666666666666666,1,0,0
1,61,610.668,619.682,10,0.34949415277934315,1.999999999999636,0.01073692612051198,1.8996990972911467,0.03748966145530772,0.2909562482380614,0.09032034316155903,0.06567518948395337,0.036595914849565245,0.32718215758097746,0.2621583612418328,8.564587999999999,7.45911,65.69659,67.3174,1.0,0.0,0.0,0.0,0.0,0.0,0.0,0.0,0.0,0.0,0,0,0,0,0.0,0,0,0
1,62,620.678,629.694,10,0.9750957055688657,5.917341609160683,-0.008324647014643671,4.684921561713727,0.13739573265125593,1.2117219095456027,0.3785316662504616,0.2532013560340992,0.3018320922041791,0.4373350276655918,0.2909852317313001,49.162211,1.19321,59.363710000000005,66.1428,1.0,0.2,0.0,0.2,0.0,0.0,2.009,0.0,0.0,0.0,0,0,0,0,0.0,0,0,0
1,63,630.694,639.702,10,0.01002054106967636,0.1002054106967636,0.01004062231430497,0.1004062231430497,0.02077450275861542,0.2077450275861542,0.06569474597467592,0.02077450275861542,0.009290647156298399,0.6587803358977187,0.1214228923409892,69.90362999999999,68.7157,58.0576,58.066,1.0,0.0,0.0,0.0,0.0,0.0,0.0,0.0,0.0,0.0,0,0,0,0,0.0,0,0,0
1,64,640.71,649.716,10,1.3084876407674226,3.0590641825893696,0.17142657274527942,2.718904177071849,0.6439769161302185,2.5633395541759127,0.7819560506131108,0.7786414479468947,0.7742011554783874,0.3724687846412685,0.8002210665970466,140.5508,116.895,56.73329,57.9614,1.0,0.0,0.0,0.0,0.0,0.0,0.0,0.0,0.0,0.0,0,0,0,0,0.0,0,0,0
1,65,650.723,659.725,10,0.4401078985035526,1.9162444514456416,-0.16818347300789244,1.2354960192209594,0.10424294446208777,0.4040856174067284,0.16290184125209828,0.10962626661070787,0.18225101121637946,0.3820349412652588,0.31412035188123355,140.543,124.399,59.54806,60.5348,1.0,0.0,0.0,0.0,0.0,0.0,0.0,0.0,0.0,0.0,0,0,0,0,0.0,0,0,0
1,66,660.727,669.739,10,0.4835605153105427,2.542272770723245,0.022849900912132987,2.5473675057347145,0.5716635113015818,2.558606432334067,0.8542720752006951,0.7952199742801868,0.5564593494097926,0.6344106379451946,0.47505789647466556,126.3376,29.8053,60.171209999999995,60.7243,1.0,0.0,0.0,0.0,0.0,0.0,0.0,0.0,0.0,0.0,0,0,0,0,0.0,0,0,0
1,67,670.738,679.747,10,2.4429285589957344,4.676225702548762,0.2813895700623986,4.361531961218093,1.0300611883102628,2.2981183266416507,0.8495843892810422,0.9161323465580498,0.841176345773204,0.23218331431812356,0.8215298087105471,128.275531,6.19771,59.827009999999994,64.4809,1.0,0.0,0.0,0.0,0.0,0.0,0.0,0.0,0.0,0.0,0,0,0,0,0.0,0,0,0
1,68,680.747,683.741,4,0.2065146706492189,0.5830951894841557,-0.7584607856467548,0.10080482572898401,0.014965668847015213,0.05986267538806085,0.029931337694030422,0.5745295816604127,1.0157701102538468,0.31361434525467535,0.9112403973100968,2.776885,2.76923,65.151375,65.2964,1.0,1.0,0.0,1.0,0.0,0.0,3.9939999999999998,0.0,0.0,0.0,0,0,0,0,0.0,0,0,0
