jogador_sessao,janela_analise_10s,inicio_janela_s,fim_janela_s,amostras,vel_posicao_media,vel_posicao_max,aceleracao_media,aceleracao_max,vel_rotacao_media,vel_rotacao_max,vel_rotacao_std,jitter_medio,entropia_media,eficiencia_trajeto_media,variacao_camera_media,angulo_alvo_medio,angulo_alvo_min,distancia_alvo_media,distancia_alvo_max,taxa_alvo_encontrado,taxa_alvo_na_mira,taxa_visao_direta,taxa_alvo_oculto,taxa_mirando_alvo,taxa_mira_oculta,duracao_rastreando_oculto_max,duracao_mirando_oculto_max,duracao_perseguicao_oculta_max,taxa_alvo_oculto_300m,taxa_mira_oculta_300m,duracao_observando_oculto_300m_max,duracao_mirando_oculto_300m_max,duracao_speedhack_max,pontos_evento_total,pontos_suspeita_60s_max,tipos_evidencia_60s_max,nivel_suspeita_max,indice_regra_0a1,padrao_suspeito,candidato_revisao,candidato_banimento
1,0,0.0,9.774,11,0.0,0.0,0.0,0.0,0.0,0.0,0.0,0.0,0.0,0.0,0.0,21.251935454545453,6.55389,3.254976363636364,3.28171,1.0,0.0,1.0,0.0,0.0,0.0,0.0,0.0,0.0,0.0,0.0,0.0,0.0,0.0,0,0,0,0,0.0,0,0,0
1,1,10.767,19.78,10,0.0,0.0,0.0,0.0,0.0,0.0,0.0,0.0,0.0,0.0,0.0,22.736430000000002,22.6869,3.2770339999999996,3.28279,1.0,0.0,1.0,0.0,0.0,0.0,0.0,0.0,0.0,0.0,0.0,0.0,0.0,0.0,0,0,0,0,0.0,0,0,0
1,2,20.784,29.794,10,0.0,0.0,0.0,0.0,0.0,0.0,0.0,0.0,0.0,0.0,0.0,22.722720000000002,22.677,3.27847,3.28322,1.0,0.0,1.0,0.0,0.0,0.0,0.0,0.0,0.0,0.0,0.0,0.0,0.0,0.0,0,0,0,0,0.0,0,0,0
1,3,30.791,39.804,10,0.0,0.0,0.0,0.0,0.0,0.0,0.0,0.0,0.0,0.0,0.0,22.72953,22.6802,3.277399,3.28259,1.0,0.0,1.0,0.0,0.0,0.0,0.0,0.0,0.0,0.0,0.0,0.0,0.0,0.0,0,0,0,0,0.0,0,0,0
1,4,40.802,49.81,10,0.0,0.0,0.0,0.0,0.0,0.0,0.0,0.0,0.0,0.0,0.0,22.72242,22.6939,3.27825,3.28243,1.0,0.0,1.0,0.0,0.0,0.0,0.0,0.0,0.0,0.0,0.0,0.0,0.0,0.0,0,0,0,0,0.0,0,0,0
1,5,50.813,59.819,10,0.0,0.0,0.0,0.0,0.0,0.0,0.0,0.0,0.0,0.0,0.0,22.72138,22.6869,3.2785920000000006,3.28279,1.0,0.0,1.0,0.0,0.0,0.0,0.0,0.0,0.0,0.0,0.0,0.0,0.0,0.0,0,0,0,0,0.0,0,0,0
1,6,60.817,69.832,10,0.0,0.0,0.0,0.0,0.0,0.0,0.0,0.0,0.0,0.0,0.0,22.73621,22.6774,3.2770269999999995,3.283,1.0,0.0,1.0,0.0,0.0,0.0,0.0,0.0,0.0,0.0,0.0,0.0,0.0,0.0,0,0,0,0,0.0,0,0,0
1,7,70.832,79.844,10,0.0,0.0,0.0,0.0,0.0,0.0,0.0,0.0,0.0,0.0,0.0,22.72186,22.6789,3.278422,3.28323,1.0,0.0,1.0,0.0,0.0,0.0,0.0,0.0,0.0,0.0,0.0,0.0,0.0,0.0,0,0,0,0,0.0,0,0,0
1,8,80.843,89.851,10,0.0,0.0,0.0,0.0,0.0,0.0,0.0,0.0,0.0,0.0,0.0,22.729509999999998,22.6846,3.2774500000000004,3.28241,1.0,0.0,1.0,0.0,0.0,0.0,0.0,0.0,0.0,0.0,0.0,0.0,0.0,0.0,0,0,0,0,0.0,0,0,0
1,9,90.853,99.861,10,0.0,0.0,0.0,0.0,0.0,0.0,0.0,0.0,0.0,0.0,0.0,22.7239,22.694,3.2782899999999997,3.28226,1.0,0.0,1.0,0.0,0.0,0.0,0.0,0.0,0.0,0.0,0.0,0.0,0.0,0.0,0,0,0,0,0.0,0,0,0
1,10,100.862,109.871,10,0.0,0.0,0.0,0.0,0.0,0.0,0.0,0.0,0.0,0.0,0.0,22.7204,22.6839,3.278694,3.283,1.0,0.0,1.0,0.0,0.0,0.0,0.0,0.0,0.0,0.0,0.0,0.0,0.0,0.0,0,0,0,0,0.0,0,0,0
1,11,110.878,119.88,10,0.0,0.0,0.0,0.0,0.0,0.0,0.0,0.0,0.0,0.0,0.0,22.73495,22.6777,3.2771230000000005,3.28322,1.0,0.0,1.0,0.0,0.0,0.0,0.0,0.0,0.0,0.0,0.0,0.0,0.0,0.0,0,0,0,0,0.0,0,0,0
1,12,120.895,129.893,10,0.0,0.0,0.0,0.0,0.0,0.0,0.0,0.0,0.0,0.0,0.0,22.72113,22.6839,3.2784260000000005,3.28261,1.0,0.0,1.0,0.0,0.0,0.0,0.0,0.0,0.0,0.0,0.0,0.0,0.0,0.0,0,0,0,0,0.0,0,0,0
1,13,130.898,139.915,10,0.0,0.0,0.0,0.0,0.0,0.0,0.0,0.0,0.0,0.0,0.0,22.72967,22.6838,3.2775860000000003,3.28246,1.0,0.0,1.0,0.0,0.0,0.0,0.0,0.0,0.0,0.0,0.0,0.0,0.0,0.0,0,0,0,0,0.0,0,0,0
1,14,140.906,149.922,10,0.0,0.0,0.0,0.0,0.0,0.0,0.0,0.0,0.0,0.0,0.0,22.72644,22.6949,3.2780410000000004,3.2817,1.0,0.0,1.0,0.0,0.0,0.0,0.0,0.0,0.0,0.0,0.0,0.0,0.0,0.0,0,0,0,0,0.0,0,0,0
1,15,150.922,159.926,10,0.0,0.0,0.0,0.0,0.0,0.0,0.0,0.0,0.0,0.0,0.0,22.72081,22.6773,3.2785260000000003,3.28322,1.0,0.0,1.0,0.0,0.0,0.0,0.0,0.0,0.0,0.0,0.0,0.0,0.0,0.0,0,0,0,0,0.0,0,0,0
1,16,160.927,169.947,10,0.0,0.0,0.0,0.0,0.0,0.0,0.0,0.0,0.0,0.0,0.0,22.73458,22.6795,3.277038,3.28236,1.0,0.0,1.0,0.0,0.0,0.0,0.0,0.0,0.0,0.0,0.0,0.0,0.0,0.0,0,0,0,0,0.0,0,0,0
1,17,170.942,179.946,10,0.0,0.0,0.0,0.0,0.0,0.0,0.0,0.0,0.0,0.0,0.0,22.71979,22.6807,3.278575,3.28259,1.0,0.0,1.0,0.0,0.0,0.0,0.0,0.0,0.0,0.0,0.0,0.0,0.0,0.0,0,0,0,0,0.0,0,0,0
1,18,180.951,189.96,10,0.0,0.0,0.0,0.0,0.0,0.0,0.0,0.0,0.0,0.0,0.0,22.73178,22.6946,3.2775350000000003,3.28169,1.0,0.0,1.0,0.0,0.0,0.0,0.0,0.0,0.0,0.0,0.0,0.0,0.0,0.0,0,0,0,0,0.0,0,0,0
1,19,190.964,199.968,10,0.0,0.0,0.0,0.0,0.0,0.0,0.0,0.0,0.0,0.0,0.0,22.72567,22.6869,3.2781529999999997,3.28279,1.0,0.0,1.0,0.0,0.0,0.0,0.0,0.0,0.0,0.0,0.0,0.0,0.0,0.0,0,0,0,0,0.0,0,0,0
1,20,200.975,209.982,10,0.0,0.0,0.0,0.0,0.0,0.0,0.0,0.0,0.0,0.0,0.0,22.71792,22.6778,3.2788130000000004,3.28323,1.0,0.0,1.0,0.0,0.0,0.0,0.0,0.0,0.0,0.0,0.0,0.0,0.0,0.0,0,0,0,0,0.0,0,0,0
1,21,210.973,219.988,10,0.0,0.0,0.0,0.0,0.0,0.0,0.0,0.0,0.0,0.0,0.0,22.73142,22.6785,3.277315,3.28258,1.0,0.0,1.0,0.0,0.0,0.0,0.0,0.0,0.0,0.0,0.0,0.0,0.0,0.0,0,0,0,0,0.0,0,0,0
1,22,220.995,229.001,9,0.0,0.0,0.0,0.0,0.0,0.0,0.0,0.0,0.0,0.0,0.0,22.723944444444445,22.6911,3.2782333333333336,3.28242,1.0,0.0,1.0,0.0,0.0,0.0,0.0,0.0,0.0,0.0,0.0,0.0,0.0,0.0,0,0,0,0,0.0,0,0,0
1,23,230.002,239.004,10,0.0,0.0,0.0,0.0,0.0,0.0,0.0,0.0,0.0,0.0,0.0,22.72104,22.6934,3.278606,3.28191,1.0,0.0,1.0,0.0,0.0,0.0,0.0,0.0,0.0,0.0,0.0,0.0,0.0,0.0,0,0,0,0,0.0,0,0,0
1,24,240.02,249.015,10,0.0,0.0,0.0,0.0,0.0,0.0,0.0,0.0,0.0,0.0,0.0,22.735970000000002,22.6839,3.277097,3.283,1.0,0.0,1.0,0.0,0.0,0.0,0.0,0.0,0.0,0.0,0.0,0.0,0.0,0.0,0,0,0,0,0.0,0,0,0
1,25,250.019,259.037,10,0.0,0.0,0.0,0.0,0.0,0.0,0.0,0.0,0.0,0.0,0.0,22.72156,22.6777,3.2785420000000003,3.28322,1.0,0.0,1.0,0.0,0.0,0.0,0.0,0.0,0.0,0.0,0.0,0.0,0.0,0.0,0,0,0,0,0.0,0,0,0
1,26,260.035,269.033,10,0.0,0.0,0.0,0.0,0.0,0.0,0.0,0.0,0.0,0.0,0.0,22.73013,22.6819,3.277335,3.28261,1.0,0.0,1.0,0.0,0.0,0.0,0.0,0.0,0.0,0.0,0.0,0.0,0.0,0.0,0,0,0,0,0.0,0,0,0
1,27,270.046,279.056,10,0.6075667113897811,3.945202680092982,0.39412614186743083,2.1283360977071224,0.10058358835818082,0.8836707394450695,0.2778144296154992,0.08836707394450695,0.043981475830013834,0.19818204751761062,0.03164464402309851,24.18647,22.6945,3.646711,6.49927,1.0,0.0,1.0,0.0,0.0,0.0,0.0,0.0,0.0,0.0,0.0,0.0,0.0,0.0,0,0,0,0,0.0,0,0,0
1,28,280.053,289.065,10,1.7287737390102955,4.027390876961971,-0.3946690191475458,3.4342008804457445,0.4438742115902631,2.1978643744712865,0.6895497099560475,0.6771900940891378,0.5183182620362394,0.44041539834417626,0.4236660971663814,35.81857,22.6728,4.503895,6.56359,1.0,0.0,1.0,0.0,0.0,0.0,0.0,0.0,0.0,0.0,0.0,0.0,0.0,0.0,0,0,0,0,0.0,0,0,0
1,29,290.066,299.078,10,0.0,0.0,0.0,0.0,0.0,0.0,0.0,0.0,0.2175512622677978,0.2641855960162573,0.5082012324996107,35.196299999999994,35.117,3.130189,3.13378,1.0,0.0,1.0,0.0,0.0,0.0,0.0,0.0,0.0,0.0,0.0,0.0,0.0,0.0,0,0,0,0,0.0,0,0,0
1,30,300.077,309.091,10,0.17860170477800955,1.0742768729878371,-3.679302329409051e-05,0.7153167585851841,0.30515125277986116,1.5160495770380913,0.5335446890752205,0.4746295041242236,0.3138867362390709,0.5593357623599371,0.24691442182010875,46.9048,35.1342,2.915356,3.1333,1.0,0.0,1.0,0.0,0.0,0.0,0.0,0.0,0.0,0.0,0.0,0.0,0.0,0.0,0,0,0,0,0.0,0,0,0
1,31,310.09,319.101,10,0.18146217594515404,1.6147713211704835,-2.9866121334057305e-05,1.513551887054745,0.08155230102651118,0.7461153362876884,0.23452022100149097,0.1492230672575377,0.29837473037367473,0.520244097638764,0.43763399059472813,40.854910000000004,34.7196,3.718407,4.01832,1.0,0.0,1.0,0.0,0.0,0.0,0.0,0.0,0.0,0.0,0.0,0.0,0.0,0.0,0,0,0,0,0.0,0,0,0
1,32,320.1,329.111,10,0.5463218617646363,2.354551259792375,0.1610128255986417,2.3475087335916003,0.2825338628979785,1.1439597829614152,0.4675760016858176,0.2980726778945759,0.36099141380479227,0.3442427013625396,0.3957051406910947,49.49982,34.7204,2.578509,3.9906,1.0,0.0,1.0,0.0,0.0,0.0,0.0,0.0,0.0,0.0,0.0,0.0,0.0,0.0,0,0,0,0,0.0,0,0,0
1,33,330.112,339.12,10,0.8930634680261822,3.779268494023962,-0.030076658893005082,2.8366757600542623,0.4007190765883095,1.411885803823907,0.5748254873678966,0.6151791867330123,0.5030305407801059,0.29135126549605495,0.514404217011297,71.90331,44.2456,2.840399,6.35376,1.0,0.0,1.0,0.0,0.0,0.0,0.0,0.0,0.0,0.0,0.0,0.0,0.0,0.0,0,0,0,0,0.0,0,0,0
1,34,340.126,349.131,10,2.617851818087714,6.839882996360743,-0.16632343592507812,4.7432751041095065,0.0838958688486079,0.24561809275364935,0.08870268470864835,0.08909771501956329,0.2374016347026159,0.7295604962357237,0.37573250746614895,160.0385,150.515,23.924938,31.5259,1.0,0.0,1.0,0.0,0.0,0.0,0.0,0.0,0.0,0.0,0.0,0.0,0.0,0.0,0,0,0,0,0.0,0,0,0
1,35,350.13,359.142,10,3.000140140213234,4.297540858673246,0.4266818757734983,2.3599571918887854,0.10965728083282089,0.5252108381638333,0.1901631236491276,0.17700590681429842,0.1469667714204466,0.9176379946202031,0.1367543127715585,151.5756,126.516,42.14185,57.5171,1.0,0.0,0.8,0.0,0.0,0.0,0.0,0.0,0.0,0.0,0.0,0.0,0.0,0.0,0,0,0,0,0.0,0,0,0
1,36,360.144,369.157,10,3.473500724396721,4.264990481619846,-0.31011877482786854,1.5560277388059391,0.5326413794196174,1.832159731180544,0.5836072626627751,0.6935674068375584,0.5306580557745836,0.8407671838018788,0.48018775489003696,56.142250000000004,5.96972,67.809,70.457,1.0,0.0,0.3,0.0,0.0,0.0,0.0,0.0,0.0,0.0,0.0,0.0,0.0,0.0,0,0,0,0,0.0,0,0,0
1,37,370.156,379.172,10,4.2363194756861455,6.518536054811634,0.20936050052065402,5.2807108710340955,0.05559106197585441,0.23429483554180106,0.07170189256953391,0.1499473563487691,0.21276313549972117,0.4466658322782024,0.3958558045681002,100.34474,84.1418,73.93972,79.9169,1.0,0.0,0.6,0.0,0.0,0.0,0.0,0.0,0.0,0.0,0.0,0.0,0.0,0.0,0,0,0,0,0.0,0,0,0
1,38,380.167,389.185,10,3.7478225721693277,6.686021944132156,0.34268447488062237,3.2462291686466567,0.3334199993446104,1.3590377908053346,0.5022198180409305,0.5997277793267504,0.4123511952926723,0.5768994270530196,0.3283387784074966,58.12689,4.28135,82.71799999999999,86.9975,1.0,0.1,0.6,0.0,0.0,0.0,0.0,0.0,0.0,0.0,0.0,0.0,0.0,0.0,0,0,0,0,0.0,0,0,0
1,39,390.169,399.186,10,4.859572989256067,6.934808785168082,-0.5991023053373324,1.916013138479557,0.17333261011697162,0.36733556993639815,0.11320091628662284,0.1630867829170728,0.20924096576595197,0.8408009848900416,0.33315877718204445,130.90892,79.2331,90.4719,102.525,1.0,0.0,0.7,0.0,0.0,0.0,0.0,0.0,0.0,0.0,0.0,0.0,0.0,0.0,0,0,0,0,0.0,0,0,0
1,40,400.193,409.2,10,1.4658532459355513,3.529148851207276,0.2661373382830922,2.294589704980535,0.25487938292603746,0.9809372867544036,0.3676125048888257,0.24635351280960643,0.18597460364987142,0.934051215010804,0.19353438738636813,163.4898,117.449,105.6115,113.493,1.0,0.0,0.6,0.0,0.0,0.0,0.0,0.0,0.0,0.0,0.0,0.0,0.0,0.0,0,0,0,0,0.0,0,0,0
1,41,410.204,419.216,10,3.054631797915942,5.972753278488078,0.00443877745130154,2.59093823595547,0.5000023282777919,1.547647252347681,0.49845706695115727,0.5729894725898479,0.47732821570111417,0.9357077628550977,0.4275205740672635,117.80307,30.9118,126.393,134.155,1.0,0.0,0.0,0.0,0.0,0.0,0.0,0.0,0.0,0.0,0.0,0.0,0.0,0.0,0,0,0,0,0.0,0,0,0
1,42,420.212,429.223,10,3.094531226290533,3.7710180885622484,0.005596672527152735,1.7754546615265112,0.22713758765642011,0.5828532914193322,0.1935367333303864,0.2295062759833296,0.25226710443382194,0.9361794996387417,0.3640760751768009,161.8588,135.372,149.4544,161.614,1.0,0.0,0.0,0.0,0.0,0.0,0.0,0.0,0.0,0.0,0.0,0.0,0.0,0.0,0,0,0,0,0.0,0,0,0
1,43,430.219,439.235,10,1.9312407185656035,3.9726700985083627,-0.20186635026707203,2.2989998193472116,0.3375145438175843,0.8704980624156665,0.32207183406479617,0.28048283213688824,0.24193696402210635,0.8095371343313822,0.21727868563741307,133.99166,53.9646,167.898,170.423,1.0,0.0,0.2,0.0,0.0,0.0,0.0,0.0,0.0,0.0,0.0,0.0,0.0,0.0,0,0,0,0,0.0,0,0,0
1,44,440.237,449.242,10,0.7963901469048451,2.211580627424815,-0.14226539543935618,1.204246756276078,0.2336331259624156,0.7511702015921558,0.3113028560741366,0.3184122865272166,0.32189430766213867,0.4362829002501141,0.3341375369032442,90.90274,52.4012,165.7194,167.7,1.0,0.0,0.0,0.0,0.0,0.0,0.0,0.0,0.0,0.0,0.0,0.0,0.0,0.0,0,0,0,0,0.0,0,0,0
1,45,450.247,459.257,10,0.0,0.0,0.0,0.0,1.4879137784039075e-08,1.502133184863675e-08,6.986628300817891e-11,7.434081620628665e-11,0.0016476628086622282,0.7574632445786977,0.12521789142497755,115.10909999999998,115.107,165.5769,165.586,1.0,0.0,0.0,0.0,0.0,0.0,0.0,0.0,0.0,0.0,0.0,0.0,0.0,0.0,0,0,0,0,0.0,0,0,0
1,46,460.256,469.261,10,1.0494485429900737,2.877333932811736,0.2856115569097611,1.697207147579012,0.40722293144156047,1.8256517925888278,0.6756251593107846,0.22312709374780063,0.187959488809211,0.8780586604680302,0.1507032976924555,100.050168,5.56148,165.7489,167.326,1.0,0.0,0.0,0.0,0.0,0.0,0.0,0.0,0.0,0.0,0.0,0.0,0.0,0.0,0,0,0,0,0.0,0,0,0
1,47,470.27,479.279,10,1.4645946418791225,2.889131788272142,-0.016679032929294912,2.704175612888091,0.7646836456488803,2.3386241783113775,0.837139059163696,1.083837631627717,0.900385581227696,0.3865571500123909,0.8056991089813828,107.037677,6.99367,166.2916,171.349,1.0,0.0,0.0,0.0,0.0,0.0,0.0,0.0,0.0,0.0,0.0,0.0,0.0,0.0,0,0,0,0,0.0,0,0,0
1,48,480.278,489.288,10,3.3697218437652565,6.337633148964917,0.05955092765611737,3.3091857076088242,0.4863473793781261,2.5753444529214735,0.744946341729512,0.648701232138166,0.616429928992695,0.5236334583138553,0.8357222299137389,93.00292,54.1518,174.7795,176.599,1.0,0.0,0.2,0.0,0.0,0.0,0.0,0.0,0.0,0.0,0.0,0.0,0.0,0.0,0,0,0,0,0.0,0,0,0
1,49,490.299,499.299,10,1.7902908940087614,3.3507322414691423,0.006112530667311833,2.604480292605915,0.3551797637377662,0.9490238219379582,0.3785618093815646,0.4822502316017208,0.3388415858899404,0.7584873307744043,0.33801432899125583,78.42339,25.0688,175.05419999999998,177.647,1.0,0.0,0.0,0.0,0.0,0.0,0.0,0.0,0.0,0.0,0.0,0.0,0.0,0.0,0,0,0,0,0.0,0,0,0
1,50,500.304,509.313,10,1.8106298949915112,3.1099604621742736,-0.029945239442786126,2.1307535472441517,0.666493233981995,2.8680796443474654,0.9067663477888825,1.076920121800684,0.7694221545516324,0.6603003604574618,0.6052871527476903,111.92407,66.9746,181.55599999999998,185.164,1.0,0.0,0.0,0.0,0.0,0.0,0.0,0.0,0.0,0.0,0.0,0.0,0.0,0.0,0,0,0,0,0.0,0,0,0
1,51,510.322,519.33,10,2.1826734436066397,3.2683078372119923,-0.304360302780866,0.17894464378853625,0.3811688605963934,0.7103109469217859,0.27291348767288853,0.19158804592065562,0.3473286168970792,0.6394872604907681,0.632478747322613,76.54775,14.2939,198.25740000000002,202.509,1.0,0.0,0.3,0.0,0.0,0.0,0.0,0.0,0.0,0.0,0.0,0.0,0.0,0.0,0,0,0,0,0.0,0,0,0
1,52,520.336,529.34,10,0.9479014784043948,2.7813079408897208,0.26365713935027213,1.3916053975433278,0.47061042943147424,1.7105592988995464,0.6530948639825773,0.29787883504097257,0.29351963927859337,0.7416130418968029,0.36126176281802874,54.662584,7.89046,202.892,206.075,1.0,0.0,0.7,0.0,0.0,0.0,0.0,0.0,0.0,0.0,0.0,0.0,0.0,0.0,0,0,0,0,0.0,0,0,0
1,53,530.339,539.349,10,1.5010668393167648,3.4518110441522722,-0.2636904454457515,1.4242902254598238,0.18985589078308235,0.5121319777053763,0.21529983334317684,0.14857578777621155,0.2980549919079698,0.6715048474212074,0.5139355319448888,156.71769999999998,142.576,215.96599999999998,218.24,1.0,0.0,0.0,0.0,0.0,0.0,0.0,0.0,0.0,0.0,0.0,0.0,0.0,0.0,0,0,0,0,0.0,0,0,0
1,54,540.351,549.359,10,1.8685149812924169,3.2602873611688326,0.17326489593349148,1.548524877867573,0.4312793599585845,0.9607622928208096,0.32676581399297805,0.4587194841885601,0.3121251715107507,0.6780924136415399,0.29058309233345997,150.8922,112.011,225.1601,228.525,1.0,0.0,0.2,0.0,0.0,0.0,0.0,0.0,0.0,0.0,0.0,0.0,0.0,0.0,0,0,0,0,0.0,0,0,0
1,55,550.367,559.375,10,1.0275482265456193,2.5417195815938816,-0.10872793259970948,1.75414857083492,0.15582793693369518,1.043991308435935,0.3231211973056726,0.18727608860045347,0.14986221969816224,0.29142198967276645,0.2611487398575437,167.4694,135.944,221.02429999999998,225.439,1.0,0.0,0.0,0.0,0.0,0.0,0.0,0.0,0.0,0.0,0.0,0.0,0.0,0.0,0,0,0,0,0.0,0,0,0
1,56,560.387,569.446,10,1.6576512335408584,3.99680327476158,-0.009172129547925656,3.349543344447471,0.43902854655992873,1.785149765121973,0.624253288863285,0.5663593828561438,0.44379492658962577,0.31028595756536415,0.39739611726896484,122.75106000000001,54.7747,227.9632,229.752,1.0,0.0,0.0,0.0,0.0,0.0,0.0,0.0,0.0,0.0,0.0,0.0,0.0,0.0,0,0,0,0,0.0,0,0,0
1,57,570.439,579.453,10,2.049969389112357,3.539648118170496,0.25497654861405794,2.860709470016222,0.9550333531393331,2.5530145080518283,0.8896999348196335,1.2366278791723808,0.9216757962434983,0.46509361664859555,0.7978857410438518,73.10963000000001,12.1142,229.07240000000002,231.059,1.0,0.0,0.0,0.0,0.0,0.0,0.0,0.0,0.0,0.0,0.0,0.0,0.0,0.0,0,0,0,0,0.0,0,0,0
1,58,580.462,589.494,10,1.7297947403320522,4.090956903349895,-0.16943271152319989,4.042447532954442,0.5843220046363381,2.238248291510199,0.7767536525816846,0.86748662714626,0.7995008200332524,0.1615544569275344,0.850451008869064,101.13261,18.8772,229.2947,232.828,1.0,0.0,0.0,0.0,0.0,0.0,0.0,0.0,0.0,0.0,0.0,0.0,0.0,0.0,0,0,0,0,0.0,0,0,0
1,59,590.475,599.476,10,2.4754789923120546,6.257175053248402,0.06284049729849608,2.7644402972065736,0.7896852091038422,2.1379611431017276,0.7671306027376599,0.5505289689297851,0.6362805601734147,0.4278522877347374,0.7838806496615076,124.71931,43.7287,242.6719,249.02,1.0,0.0,0.0,0.0,0.0,0.0,0.0,0.0,0.0,0.0,0.0,0.0,0.0,0.0,0,0,0,0,0.0,0,0,0
1,60,600.486,609.495,10,2.032887433799627,3.693736398549671,0.07195116639698482,1.9264952142648522,0.5243581135616817,2.8611099678475727,0.8637551898353308,0.5490583625961387,0.5452573848481819,0.5333304016339986,0.6884285333628999,78.09272,12.9473,247.122,250.93,1.0,0.0,0.1,0.0,0.0,0.0,0.0,0.0,0.0,0.0,0.0,0.0,0.0,0.0,0,0,0,0,0.0,0,0,0
1,61,610.495,619.506,10,0.46797639305454153,2.962573303183021,-0.3079484168640676,1.685796899034383,0.5274820271579194,2.1932162557971764,0.7195103048765913,0.6035140970645048,0.6864364613715953,0.20038732272945117,0.7835547742358201,94.96367699999999,9.70097,243.5612,243.824,1.0,0.0,0.0,0.0,0.0,0.0,0.0,0.0,0.0,0.0,0.0,0.0,0.0,0.0,0,0,0,0,0.0,0,0,0
1,62,620.491,629.517,10,0.7152812081549811,4.85727793585718,0.482733223147214,2.536379990261929,0.007757288038875883,0.0756903269932518,0.023876567849512694,0.00756903269932518,0.003449104630456648,0.4248331333391356,0.32650599456277424,142.57459999999998,139.596,244.1636,248.429,1.0,0.0,0.0,0.0,0.0,0.0,0.0,0.0,0.0,0.0,0.0,0.0,0.0,0.0,0,0,0,0,0.0,0,0,0
1,63,630.567,639.525,10,2.3148338217330218,5.967451192296049,-0.3995447741451177,2.433425077900662,0.3283702256483084,1.0674920001396306,0.37222721438574763,0.28587383073120515,0.29899358002906384,0.8937685774748522,0.3030693735326733,121.92814000000001,76.7384,255.7129,257.81,1.0,0.0,0.0,0.0,0.0,0.0,0.0,0.0,0.0,0.0,0.0,0.0,0.0,0.0,0,0,0,0,0.0,0,0,0
1,64,640.52,649.538,10,1.9652642020658846,4.18669600119201,0.22088725649672006,2.4479965867834816,0.7118359760531026,2.446796618210741,0.7531863929324918,0.9698108281607991,0.6038072907798439,0.7066861618473848,0.5132757846044073,117.81787,26.3234,258.9288,260.215,1.0,0.0,0.0,0.0,0.0,0.0,0.0,0.0,0.0,0.0,0.0,0.0,0.0,0.0,0,0,0,0,0.0,0,0,0
1,65,650.546,659.545,10,2.032796064763974,4.477877714610403,-0.0696278914638703,3.552203636308508,0.71408466517409,1.9107494073728335,0.6382727620255,0.5336563413691405,0.5579848695100913,0.18684362437871832,0.6868122748038816,125.73137,77.2447,255.44639999999998,256.302,1.0,0.0,0.0,0.0,0.0,0.0,0.0,0.0,0.0,0.0,0.0,0.0,0.0,0.0,0,0,0,0,0.0,0,0,0
1,66,660.552,669.567,10,0.23317034432631117,1.1957889353326565,-0.2703510881135787,0.0,0.36856209037138477,2.71945133143521,0.8620677483990015,0.47436205772732054,0.5792273389847182,0.12891357743014117,0.9199858241694212,120.85847000000001,75.2051,256.0478,256.209,1.0,0.0,0.0,0.0,0.0,0.0,0.0,0.0,0.0,0.0,0.0,0.0,0.0,0.0,0,0,0,0,0.0,0,0,0
1,67,670.562,679.57,10,0.1708120747974376,1.3928388277177328,0.1391895811007095,1.0775569074610896,0.14072964010767303,0.74226757375297,0.2766464384173415,0.1864956941865628,0.08842378009828882,0.8178285384038769,0.11597247261199761,115.25303000000001,52.2428,256.0734,256.379,1.0,0.0,0.0,0.0,0.0,0.0,0.0,0.0,0.0,0.0,0.0,0.0,0.0,0.0,0,0,0,0,0.0,0,0,0
1,68,680.56,689.578,10,0.010101010101046849,0.10101010101046848,-0.14046898545016523,0.0,2.1057543259397907e-08,2.128628712671416e-08,1.500533725561431e-10,0.07422675537717452,0.1375902698063875,0.9650869276423263,0.2408612291869691,52.25286,52.2517,256.3797,256.392,1.0,0.0,0.0,0.0,0.0,0.0,0.0,0.0,0.0,0.0,0.0,0.0,0.0,0.0,0,0,0,0,0.0,0,0,0
1,69,690.586,699.59,10,0.0,0.0,0.0,0.0,2.1048770038783205e-08,2.1264807523155418e-08,1.1878264503185886e-10,1.4910793396971922e-10,1.1668238142624783e-10,0.9682088127804429,1.0728879777767294e-10,52.25268,52.2512,256.3814,256.393,1.0,0.0,0.0,0.0,0.0,0.0,0.0,0.0,0.0,0.0,0.0,0.0,0.0,0.0,0,0,0,0,0.0,0,0,0
1,70,700.6,709.61,10,0.0,0.0,0.0,0.0,2.1032133603832135e-08,2.1264807523155418e-08,1.3442782202480603e-10,1.827570749338705e-10,1.4074812758578332e-10,0.0,1.3722596655873598e-10,52.25253,52.2515,256.3798,256.388,1.0,0.0,0.0,0.0,0.0,0.0,0.0,0.0,0.0,0.0,0.0,0.0,0.0,0.0,0,0,0,0,0.0,0,0,0
1,71,710.61,719.61,10,0.0,0.0,0.0,0.0,2.1079463696028127e-08,2.192864126477317e-08,3.7867876903272656e-10,4.40692868022179e-10,3.2488387217892907e-10,0.0,2.9896676861983533e-10,52.25256,52.2518,256.38,256.388,1.0,0.0,0.0,0.0,0.0,0.0,0.0,0.0,0.0,0.0,0.0,0.0,0.0,0.0,0,0,0,0,0.0,0,0,0
1,72,720.618,729.622,10,0.0,0.0,0.0,0.0,2.1049551211822468e-08,2.1329376776768235e-08,1.8021867123723327e-10,2.8689721856835967e-10,2.0170137945457334e-10,0.0,2.4397864018402846e-10,52.25277,52.2517,256.3812,256.392,1.0,0.0,0.0,0.0,0.0,0.0,0.0,0.0,0.0,0.0,0.0,0.0,0.0,0.0,0,0,0,0,0.0,0,0,0
1,73,730.626,739.634,10,0.0,0.0,0.0,0.0,2.1048921776498118e-08,2.124337122524901e-08,1.3293213894930244e-10,1.7894344061739667e-10,1.1474133466160458e-10,0.0,1.3449451927273527e-10,52.252840000000006,52.2514,256.3798,256.392,1.0,0.0,0.0,0.0,0.0,0.0,0.0,0.0,0.0,0.0,0.0,0.0,0.0,0.0,0,0,0,0,0.0,0,0,0
1,74,740.633,749.645,10,0.0,0.0,0.0,0.0,2.1050914405341268e-08,2.1179320859745747e-08,1.2254954498947063e-10,1.5935572055653427e-10,1.273755872671803e-10,0.0,1.313629143706985e-10,52.252660000000006,52.2511,256.3812,256.393,1.0,0.0,0.0,0.0,0.0,0.0,0.0,0.0,0.0,0.0,0.0,0.0,0.0,0.0,0,0,0,0,0.0,0,0,0
1,75,750.651,759.652,10,0.0,0.0,0.0,0.0,2.105981138797955e-08,2.135098708758563e-08,1.625418425251656e-10,2.3130877653910185e-10,1.7703230835198502e-10,0.0,1.5566091711679507e-10,52.252480000000006,52.2518,256.3798,256.388,1.0,0.0,0.0,0.0,0.0,0.0,0.0,0.0,0.0,0.0,0.0,0.0,0.0,0.0,0,0,0,0,0.0,0,0,0
1,76,760.651,769.706,10,1.0179415393913334,3.503997926012836,0.34823251312955,2.691861528480987,0.47619168662062294,2.6854338832806848,0.9220976949432944,0.6087597268128847,0.28202772986067676,0.5002198793123037,0.21253780204792636,79.35171,33.4389,256.6698,258.875,1.0,0.0,0.0,0.0,0.0,0.0,0.0,0.0,0.0,0.0,0.0,0.0,0.0,0.0,0,0,0,0,0.0,0,0,0
1,77,770.712,779.717,10,5.285387362496112,6.779805674800445,0.32676576672955127,4.3536633510707405,0.49634913382881374,1.4462779928954532,0.4898387854714945,0.7819637078950443,0.6984247895271911,0.459697039775551,0.8488979111329835,131.16231,15.2951,265.1789,290.37,1.0,0.0,0.2,0.0,0.0,0.0,0.0,0.0,0.0,0.0,0.0,0.0,0.0,0.0,0,0,0,0,0.0,0,0,0
1,78,780.712,789.729,10,4.9672197654260755,6.706652118366361,-0.34615500924355247,2.2171701297540753,0.6034350716150985,1.0864140182620254,0.371042191440888,0.32401635788689603,0.28705887587230905,0.6776427639430149,0.379313855187127,158.8556,120.201,317.4609,336.389,1.0,0.0,0.2,0.0,0.0,0.0,0.0,0.0,0.0,0.0,0.0,0.0,0.0,0.0,0,0,0,0,0.0,0,0,0
1,79,790.733,799.74,10,4.789165959661451,6.693239023065018,0.17329617378107434,4.208548818393862,0.8497810342630048,3.054576805367435,0.9398799808937683,0.7400264961340299,0.8231354038041708,0.8453862137414678,0.7317821417234772,107.08009999999999,47.0062,348.2422,353.123,1.0,0.0,0.0,0.0,0.0,0.0,0.0,0.0,0.0,0.0,0.0,0.0,0.0,0.0,0,0,0,0,0.0,0,0,0
1,80,800.743,809.753,10,2.837732848375744,6.288368774334449,-0.34640979738916633,3.0837552984224255,0.7313734509374079,1.6318346491348557,0.5867184640433316,0.5109299190204613,0.4750258033414207,0.4669583055858932,0.6425843259244752,98.042137,4.00487,349.3641,352.807,1.0,0.1,0.0,0.1,0.0,0.0,0.0,0.0,0.0,0.1,0.0,0.0,0.0,0.0,0,0,0,0,0.0,0,0,0
1,81,810.75,819.77,10,2.6365174869447494,6.647565761448735,-0.08659039926440437,4.700679686635626,0.6946331503402207,3.0915047305151804,0.9041646598158799,0.8887460775706082,0.8637748283091445,0.2901901317579808,0.7066969475258953,81.565787,8.95177,345.4772,350.656,1.0,0.0,0.0,0.0,0.0,0.0,0.0,0.0,0.0,0.0,0.0,0.0,0.0,0.0,0,0,0,0,0.0,0,0,0
1,82,820.765,829.778,10,2.010668282450249,4.286839816441506,0.2692007351451969,3.8748270175239248,0.26641530998574636,1.723456523270389,0.5209205817698954,0.4144375214719804,0.4291062944144028,0.3529905861270419,0.7508751434160559,30.703032,5.91182,336.8772,345.079,1.0,0.0,0.0,0.0,0.0,0.0,0.0,0.0,0.0,0.0,0.0,0.0,0.0,0.0,0,0,0,0,0.0,0,0,0
1,83,830.789,839.796,10,3.198078539399259,6.649897830054709,-0.3487543086390129,3.5084929132185168,0.4662042313373429,3.005793090493743,0.9134334304226134,0.6311998385744478,0.6564385228883853,0.6138149296632959,0.5434195199309627,58.57814,23.5949,322.1494,327.075,1.0,0.0,0.0,0.0,0.0,0.0,0.0,0.0,0.0,0.0,0.0,0.0,0.0,0.0,0,0,0,0,0.0,0,0,0
1,84,840.8,849.807,10,0.4595916492016894,2.4498828080134025,0.18226549927657504,2.4401223187384486,0.08023927770542566,0.5803947151297939,0.18573741871236368,0.13863127114596038,0.14545946698945603,0.4784230462467097,0.5585467499907438,101.59987,99.6199,320.597,320.679,1.0,0.0,0.0,0.0,0.0,0.0,0.0,0.0,0.0,0.0,0.0,0.0,0.0,0.0,0,0,0,0,0.0,0,0,0
1,85,850.809,859.817,10,3.244356830885753,6.634863937758143,0.4782175967008112,3.9777978559936966,0.4524561019179173,2.166745306245337,0.7667222347409469,0.4247277886113053,0.39636627753790543,0.34790338297897183,0.31643092134550693,86.37726599999999,4.10346,317.4024,321.586,1.0,0.1,0.0,0.1,0.0,0.0,0.0,0.0,0.0,0.1,0.0,0.0,0.0,0.0,0,0,0,0,0.0,0,0,0
1,86,860.818,869.825,10,5.268192380566373,6.72934970268357,-0.45380807204212203,4.09818008837762,0.3288234441793817,0.6921715560095162,0.19232304027858652,0.22300466162734942,0.3036974882068143,0.7013098253585064,0.5503381586394893,20.24431,3.8415,279.3999,304.186,1.0,0.1,0.0,0.1,0.0,0.0,0.0,0.0,0.0,0.0,0.0,0.0,0.0,0.0,0,0,0,0,0.0,0,0,0
1,87,870.834,879.839,10,1.7393864084120172,3.839322856963914,-0.2068646475157241,2.485112007308401,0.4603480586258152,1.0990931927736178,0.43484937821982517,0.4150482827013887,0.4124824499981237,0.7111288530807454,0.3467695272364188,111.60779,87.6979,261.975,263.436,1.0,0.0,0.0,0.0,0.0,0.0,0.0,0.0,0.0,0.0,0.0,0.0,0.0,0.0,0,0,0,0,0.0,0,0,0
1,88,880.844,889.85,10,0.5466088991094175,2.66270539301726,0.04136313613544388,1.3896357895354279,0.40640054732746844,2.0697697560279544,0.7003069110503238,0.41839126545925354,0.5175449423967092,0.354511417520852,0.6514135050906175,135.89569,50.6869,266.1473,266.724,1.0,0.0,0.0,0.0,0.0,0.0,0.0,0.0,0.0,0.0,0.0,0.0,0.0,0.0,0,0,0,0,0.0,0,0,0
1,89,890.853,899.856,10,0.09269059181710189,0.6125642024473723,-0.04038275630739241,0.6168823791010799,0.010779765619428523,0.06774773774593333,0.023644868997812107,0.01864256991963239,0.021271003130435975,0.5213685890653412,0.11628337739792186,138.2854,136.623,266.6193,266.842,1.0,0.0,0.0,0.0,0.0,0.0,0.0,0.0,0.0,0.0,0.0,0.0,0.0,0.0,0,0,0,0,0.0,0,0,0
1,90,900.858,907.857,8,0.012742099898109557,0.10193679918487646,0.012988888785025033,0.10391111028020027,0.35222169783220775,1.6639802874303047,0.6662891157619003,0.4159950700569025,0.39019941572373906,0.2208110609622823,0.29759633514588146,83.3558125,23.7364,266.6395,266.7,1.0,0.0,0.0,0.0,0.0,0.0,0.0,0.0,0.0,0.0,0.0,0.0,0.0,0.0,0,0,0,0,0.0,0,0,0
