jogador_sessao,janela_analise_10s,inicio_janela_s,fim_janela_s,amostras,arma_predominante,armas_observadas,taxa_arma_empunhada,vel_posicao_media,vel_posicao_max,aceleracao_media,aceleracao_max,vel_rotacao_media,vel_rotacao_max,vel_rotacao_std,jitter_medio,entropia_media,eficiencia_trajeto_media,variacao_camera_media,angulo_alvo_medio,angulo_alvo_min,distancia_alvo_media,distancia_alvo_max,taxa_alvo_encontrado,taxa_alvo_na_mira,taxa_visao_direta,taxa_alvo_oculto,taxa_mirando_alvo,taxa_mira_oculta,duracao_rastreando_oculto_max,duracao_mirando_oculto_max,duracao_perseguicao_oculta_max,taxa_alvo_oculto_300m,taxa_mira_oculta_300m,duracao_observando_oculto_300m_max,duracao_mirando_oculto_300m_max,taxa_ads_oculta_300m,taxa_precisao_oculta_300m,duracao_ads_oculto_300m_max,duracao_precisao_oculta_300m_max,contagem_episodios_esp_120s_max,contagem_episodios_ads_120s_max,duracao_speedhack_max,pontos_evento_total,pontos_suspeita_60s_max,tipos_evidencia_60s_max,nivel_suspeita_max,indice_regra_0a1,padrao_suspeito,candidato_revisao,candidato_banimento
1,0,0.0,9.784,11,SCARH_Black,SCARH_Black,1.0,0.0,0.0,0.0,0.0,1.97592154184525e-08,2.867132551761499e-08,6.956047628721701e-09,3.562535871948561e-09,5.764906841324469e-09,0.0,9.326066535217823e-09,25.171568545454544,0.477654,3.380415454545455,3.42353,1.0,0.09090909090909091,1.0,0.0,0.0,0.0,0.0,0.0,0.0,0.0,0.0,0.0,0.0,0.0,0.0,0.0,0.0,0,0,0.0,0,0,0,0,0.0,0,0,0
1,1,10.78,19.964,10,SCARH_Black,SCARH_Black,1.0,0.0,0.0,0.0,0.0,2.0743562922368702e-08,2.120062802358855e-08,9.373648301695157e-10,4.766485744913911e-10,2.48102630473658e-10,0.0,2.7228389761308087e-10,27.65654,27.5575,3.417072,3.42515,1.0,0.0,1.0,0.0,0.0,0.0,0.0,0.0,0.0,0.0,0.0,0.0,0.0,0.0,0.0,0.0,0.0,0,0,0.0,0,0,0,0,0.0,0,0,0
1,2,22.481,29.476,8,SCARH_Black,SCARH_Black,1.0,0.0,0.0,0.0,0.0,0.15404731577825503,1.1836275699891416,0.4163628699283027,0.2959068902323,0.3310465277244541,0.0,0.32821265733603133,69.7859625,28.3727,3.41810875,3.42515,1.0,0.0,1.0,0.0,0.0,0.0,0.0,0.0,0.0,0.0,0.0,0.0,0.0,0.0,0.0,0.0,0.0,0,0,0.0,0,0,0,0,0.0,0,0,0
1,3,30.47,39.483,10,SCARH_Black,SCARH_Black,1.0,0.8315283849742274,1.9927368441114597,0.17348326589605775,1.3998523992965135,0.3323749656749858,1.5852539791397215,0.510347135342421,0.3785701857910114,0.3305553828134938,0.38569425672822194,0.36690928994882227,61.33959,38.0192,3.044777,3.75979,1.0,0.0,1.0,0.0,0.0,0.0,0.0,0.0,0.0,0.0,0.0,0.0,0.0,0.0,0.0,0.0,0.0,0,0,0.0,0,0,0,0,0.0,0,0,0
1,4,40.493,49.495,10,SCARH_Black,SCARH_Black,1.0,0.4284113400449658,2.8648562720248147,-0.1716631081768881,1.4875401164406346,0.10705560310125788,1.0389208846049658,0.32757498978653815,0.12569130048597238,0.23170259919094746,0.4373683690637497,0.4574111491975098,114.35336,69.3696,3.54564,3.57083,1.0,0.0,1.0,0.0,0.0,0.0,0.0,0.0,0.0,0.0,0.0,0.0,0.0,0.0,0.0,0.0,0.0,0,0,0.0,0,0,0,0,0.0,0,0,0
1,5,50.502,59.535,10,SCARH_Black,SCARH_Black,1.0,0.0,0.0,0.0,0.0,0.0,0.0,0.0,0.0,0.0,0.48032632793089275,0.001000391167609398,119.3996,119.343,3.5615049999999995,3.57313,1.0,0.0,1.0,0.0,0.0,0.0,0.0,0.0,0.0,0.0,0.0,0.0,0.0,0.0,0.0,0.0,0.0,0,0,0.0,0,0,0,0,0.0,0,0,0
1,6,60.535,69.547,10,SCARH_Black,SCARH_Black,1.0,0.0,0.0,0.0,0.0,0.0,0.0,0.0,0.0,0.0,0.09999926819860208,0.0,119.40950000000001,119.316,3.5630719999999996,3.57447,1.0,0.0,1.0,0.0,0.0,0.0,0.0,0.0,0.0,0.0,0.0,0.0,0.0,0.0,0.0,0.0,0.0,0,0,0.0,0,0,0,0,0.0,0,0,0
1,7,70.548,79.561,10,SCARH_Black,SCARH_Black,1.0,0.0,0.0,0.0,0.0,0.0,0.0,0.0,0.0,0.0,0.0,0.0,119.3996,119.314,3.5622079999999996,3.57363,1.0,0.0,1.0,0.0,0.0,0.0,0.0,0.0,0.0,0.0,0.0,0.0,0.0,0.0,0.0,0.0,0.0,0,0,0.0,0,0,0,0,0.0,0,0,0
1,8,80.558,89.56,10,SCARH_Black,SCARH_Black,1.0,0.1764166363823596,1.129752075811494,0.11407492124651805,1.1388629796486835,0.42237013078670776,3.0323954155283177,0.9700339077175559,0.5052226328183528,0.27110618431156086,0.5972299984212153,0.19808588815599762,105.01139,38.2714,2.946384,3.57031,1.0,0.0,1.0,0.0,0.0,0.0,0.0,0.0,0.0,0.0,0.0,0.0,0.0,0.0,0.0,0.0,0.0,0,0,0.0,0,0,0,0,0.0,0,0,0
1,9,90.564,99.575,10,SCARH_Black,SCARH_Black,1.0,0.534456425502457,1.9812586534483991,-0.11211295134515938,1.4221743287879036,0.24188414608350625,0.6283045426553775,0.2666515704875174,0.15683169594797008,0.48223554678566893,0.3188451035990873,0.7910181561715077,54.70524,31.854,2.2413160000000003,4.47355,1.0,0.0,1.0,0.0,0.0,0.0,0.0,0.0,0.0,0.0,0.0,0.0,0.0,0.0,0.0,0.0,0.0,0,0,0.0,0,0,0,0,0.0,0,0,0
1,10,100.572,109.593,10,SCARH_Black,SCARH_Black,1.0,0.0,0.0,0.0,0.0,0.0,0.0,0.0,0.0,0.0,0.3750812437900683,0.08319796080086048,64.55187,63.3984,1.736844,1.78891,1.0,0.0,1.0,0.0,0.0,0.0,0.0,0.0,0.0,0.0,0.0,0.0,0.0,0.0,0.0,0.0,0.0,0,0,0.0,0,0,0,0,0.0,0,0,0
1,11,110.592,119.602,10,SCARH_Black,SCARH_Black,1.0,0.0,0.0,0.0,0.0,0.0,0.0,0.0,0.0,0.0,0.45511888922722027,0.0,63.38255,63.07,1.78934,1.79801,1.0,0.0,1.0,0.0,0.0,0.0,0.0,0.0,0.0,0.0,0.0,0.0,0.0,0.0,0.0,0.0,0.0,0,0,0.0,0,0,0,0,0.0,0,0,0
1,12,120.603,129.61,10,SCARH_Black,SCARH_Black,1.0,0.0,0.0,0.0,0.0,0.0,0.0,0.0,0.0,0.0,0.0,0.0,62.56416,61.8875,1.810349,1.82616,1.0,0.0,1.0,0.0,0.0,0.0,0.0,0.0,0.0,0.0,0.0,0.0,0.0,0.0,0.0,0.0,0.0,0,0,0.0,0,0,0,0,0.0,0,0,0
1,13,130.609,139.622,10,SCARH_Black,SCARH_Black,1.0,0.0,0.0,0.0,0.0,0.0,0.0,0.0,0.0,0.0,0.0,0.0,62.775310000000005,62.3513,1.8063220000000002,1.81784,1.0,0.0,1.0,0.0,0.0,0.0,0.0,0.0,0.0,0.0,0.0,0.0,0.0,0.0,0.0,0.0,0.0,0,0,0.0,0,0,0,0,0.0,0,0,0
1,14,140.622,149.634,10,SCARH_Black,SCARH_Black,1.0,0.0,0.0,0.0,0.0,0.0,0.0,0.0,0.0,0.0,0.0,0.0,62.84213,62.4835,1.8048369999999998,1.8141,1.0,0.0,0.7,0.0,0.0,0.0,0.0,0.0,0.0,0.0,0.0,0.0,0.0,0.0,0.0,0.0,0.0,0,0,0.0,0,0,0,0,0.0,0,0,0
1,15,150.622,159.64,10,SCARH_Black,SCARH_Black,1.0,0.0,0.0,0.0,0.0,0.0,0.0,0.0,0.0,0.0,0.0,0.0,62.984249999999996,62.04,1.7838889999999998,1.8255,1.0,0.0,1.0,0.0,0.0,0.0,0.0,0.0,0.0,0.0,0.0,0.0,0.0,0.0,0.0,0.0,0.0,0,0,0.0,0,0,0,0,0.0,0,0,0
1,16,160.642,169.652,10,SCARH_Black,SCARH_Black,1.0,0.0,0.0,0.0,0.0,0.0,0.0,0.0,0.0,0.0,0.0,0.0,62.37864,58.7427,1.0982439,1.79868,1.0,0.0,1.0,0.0,0.0,0.0,0.0,0.0,0.0,0.0,0.0,0.0,0.0,0.0,0.0,0.0,0.0,0,0,0.0,0,0,0,0,0.0,0,0,0
1,17,170.652,179.665,10,SCARH_Black,SCARH_Black,1.0,0.0,0.0,0.0,0.0,0.0,0.0,0.0,0.0,0.0,0.0,0.0,56.28517000000001,56.0719,1.125861,1.17265,1.0,0.0,0.7,0.0,0.0,0.0,0.0,0.0,0.0,0.0,0.0,0.0,0.0,0.0,0.0,0.0,0.0,0,0,0.0,0,0,0,0,0.0,0,0,0
1,18,180.662,189.675,10,SCARH_Black,SCARH_Black,1.0,0.0,0.0,0.0,0.0,0.0,0.0,0.0,0.0,0.0,0.0,0.0,56.98433,50.8505,1.5348359999999999,2.14063,1.0,0.0,1.0,0.0,0.0,0.0,0.0,0.0,0.0,0.0,0.0,0.0,0.0,0.0,0.0,0.0,0.0,0,0,0.0,0,0,0,0,0.0,0,0,0
1,19,190.677,199.695,10,SCARH_Black,SCARH_Black,1.0,0.0,0.0,0.0,0.0,0.0,0.0,0.0,0.0,0.0,0.0,0.0,58.813430000000004,58.397,1.8831499999999999,1.89572,1.0,0.0,1.0,0.0,0.0,0.0,0.0,0.0,0.0,0.0,0.0,0.0,0.0,0.0,0.0,0.0,0.0,0,0,0.0,0,0,0,0,0.0,0,0,0
1,20,200.691,209.702,10,SCARH_Black,SCARH_Black,1.0,0.0,0.0,0.0,0.0,0.0,0.0,0.0,0.0,0.0,0.0,0.0,55.76177,48.6865,2.0068449999999998,2.13166,1.0,0.0,1.0,0.0,0.0,0.0,0.0,0.0,0.0,0.0,0.0,0.0,0.0,0.0,0.0,0.0,0.0,0,0,0.0,0,0,0,0,0.0,0,0,0
1,21,210.707,219.714,10,SCARH_Black,SCARH_Black,1.0,0.0,0.0,0.0,0.0,0.0,0.0,0.0,0.0,0.0,0.0,0.0,54.86454,48.6537,1.983181,2.13026,1.0,0.0,1.0,0.0,0.0,0.0,0.0,0.0,0.0,0.0,0.0,0.0,0.0,0.0,0.0,0.0,0.0,0,0,0.0,0,0,0,0,0.0,0,0,0
1,22,220.708,229.73,10,SCARH_Black,SCARH_Black,1.0,0.0,0.0,0.0,0.0,0.0,0.0,0.0,0.0,0.0,0.0,0.0,60.15611,60.0794,1.8642679999999998,1.86646,1.0,0.0,1.0,0.0,0.0,0.0,0.0,0.0,0.0,0.0,0.0,0.0,0.0,0.0,0.0,0.0,0.0,0,0,0.0,0,0,0,0,0.0,0,0,0
1,23,230.723,239.733,10,SCARH_Black,SCARH_Black,1.0,0.0,0.0,0.0,0.0,0.0,0.0,0.0,0.0,0.0,0.0,0.0,60.14076,60.0977,1.8643260000000001,1.86566,1.0,0.0,1.0,0.0,0.0,0.0,0.0,0.0,0.0,0.0,0.0,0.0,0.0,0.0,0.0,0.0,0.0,0,0,0.0,0,0,0,0,0.0,0,0,0
1,24,240.733,249.75,10,SCARH_Black,SCARH_Black,1.0,0.2900135326593772,1.8595482479424037,-0.0016078162315307566,1.8466218946796464,0.07640981304431002,0.4670478573503109,0.15527187007216728,0.09340957147006218,0.11443564750035726,0.43669423216265574,0.1081210883055896,46.168690000000005,34.0192,2.313757,2.88456,1.0,0.0,1.0,0.0,0.0,0.0,0.0,0.0,0.0,0.0,0.0,0.0,0.0,0.0,0.0,0.0,0.0,0,0,0.0,0,0,0,0,0.0,0,0,0
1,25,250.745,259.761,10,SCARH_Black,SCARH_Black,1.0,0.0,0.0,0.0,0.0,0.0,0.0,0.0,0.0,0.0,0.5065244058767007,0.05605169474878532,57.45666,42.4445,4.573822,5.13563,1.0,0.0,1.0,0.0,0.0,0.0,0.0,0.0,0.0,0.0,0.0,0.0,0.0,0.0,0.0,0.0,0.0,0,0,0.0,0,0,0,0,0.0,0,0,0
1,26,260.762,269.767,10,SCARH_Black,SCARH_Black,1.0,0.0,0.0,0.0,0.0,0.0,0.0,0.0,0.0,0.0,0.3254486847083288,0.0,61.21057,61.151,5.125062,5.13384,1.0,0.0,1.0,0.0,0.0,0.0,0.0,0.0,0.0,0.0,0.0,0.0,0.0,0.0,0.0,0.0,0.0,0,0,0.0,0,0,0,0,0.0,0,0,0
1,27,270.773,279.768,10,SCARH_Black,SCARH_Black,1.0,0.5316296050589004,2.452902972947578,0.0008130866719109925,1.5149651893467941,0.3349582824364971,1.770226769012074,0.624125624378764,0.3540453538024148,0.39353466364255124,0.43153169151702225,0.30635802884566415,44.308460000000004,21.0025,5.102255,5.77533,1.0,0.0,1.0,0.0,0.0,0.0,0.0,0.0,0.0,0.0,0.0,0.0,0.0,0.0,0.0,0.0,0.0,0,0,0.0,0,0,0,0,0.0,0,0,0
1,28,280.768,289.78,10,SCARH_Black,SCARH_Black,1.0,0.23844695606685407,1.3375350466061073,0.00017441901073403932,1.3375350466061073,0.017084220744432756,0.11454584925627066,0.03838650990420655,0.03377206712083193,0.0974347669576906,0.6624298642752787,0.37360728485069405,28.60659,21.0255,3.711764,4.85373,1.0,0.0,1.0,0.0,0.0,0.0,0.0,0.0,0.0,0.0,0.0,0.0,0.0,0.0,0.0,0.0,0.0,0,0,0.0,0,0,0,0,0.0,0,0,0
1,29,290.788,299.797,10,sem_arma,SCARH_Black;sem_arma,0.2,2.1572982190132364,4.145074922299655,0.41371697092056203,2.1819733291694696,0.424128797463753,1.3139412475263905,0.46174650728465466,0.35061648582892463,0.26696315533272863,0.5472398004838861,0.24553970709626646,54.010940000000005,11.0697,5.474246,10.3424,1.0,0.0,1.0,0.0,0.0,0.0,0.0,0.0,0.0,0.0,0.0,0.0,0.0,0.0,0.0,0.0,0.0,0,0,0.0,0,0,0,0,0.0,0,0,0
1,30,300.793,309.81,10,SCARH_Black,sem_arma;SCARH_Black,0.6,1.2355647867538433,4.1556684575945155,-0.40954935955949867,3.171730816079176,0.18903187117682724,0.8063719576895774,0.24982505924822054,0.2327741925480932,0.3000997495958996,0.167374124569777,0.3831765991072957,30.77776,13.5236,5.758659,7.39253,1.0,0.0,1.0,0.0,0.0,0.0,0.0,0.0,0.0,0.0,0.0,0.0,0.0,0.0,0.0,0.0,0.0,0,0,0.0,0,0,0,0,0.0,0,0,0
1,31,310.811,319.819,10,SCARH_Black,SCARH_Black,1.0,0.0,0.0,0.0,0.0,1.4888446016664148e-08,1.502133184863675e-08,1.060422999793028e-10,1.379954075930596e-10,0.009151937915634836,0.244211594239165,0.08485768530586364,29.63247,29.5748,3.5553219999999994,3.56137,1.0,0.0,1.0,0.0,0.0,0.0,0.0,0.0,0.0,0.0,0.0,0.0,0.0,0.0,0.0,0.0,0.0,0,0,0.0,0,0,0,0,0.0,0,0,0
1,32,320.827,329.826,10,SCARH_Black,SCARH_Black,1.0,0.0,0.0,0.0,0.0,1.4891072219372109e-08,1.5051677973583492e-08,7.45452822462132e-11,8.50025900707376e-11,9.075847495217148e-11,0.6226665160574233,1.1177600877147e-08,29.62616,29.5325,3.556019,3.56361,1.0,0.0,1.0,0.0,0.0,0.0,0.0,0.0,0.0,0.0,0.0,0.0,0.0,0.0,0.0,0.0,0.0,0,0,0.0,0,0,0,0,0.0,0,0,0
1,33,330.829,339.839,10,SCARH_Black,SCARH_Black,1.0,0.0,0.0,0.0,0.0,1.4882162059552991e-08,1.4991107840893013e-08,7.574566414872418e-11,1.010347540108668e-10,6.929788892035388e-11,0.0,1.1177244552846103e-08,29.633159999999997,29.5204,3.554732,3.56453,1.0,0.0,1.0,0.0,0.0,0.0,0.0,0.0,0.0,0.0,0.0,0.0,0.0,0.0,0.0,0.0,0.0,0,0,0.0,0,0,0,0,0.0,0,0,0
1,34,340.839,349.852,10,SCARH_Black,SCARH_Black,1.0,0.39708468243419937,1.3148054254724801,0.08872424981704008,1.3056657651166637,0.16671060804344845,0.9900618833058822,0.31503243373285905,0.2331524374967353,0.24598363391299402,0.5314391190466512,0.21850868959467779,34.25082,28.5794,3.3502769999999997,3.5649,1.0,0.0,1.0,0.0,0.0,0.0,0.0,0.0,0.0,0.0,0.0,0.0,0.0,0.0,0.0,0.0,0.0,0,0,0.0,0,0,0,0,0.0,0,0,0
1,35,350.848,359.864,10,SCARH_Black,SCARH_Black,1.0,0.650373040201398,2.4499843567079793,0.016651691308599566,1.5590711152795338,0.3395168319001409,1.5176801820981174,0.48956778880830026,0.3922543816179858,0.31425093916811114,0.18171143953373672,0.33761225843414583,47.555899999999994,27.8784,2.71861,3.46325,1.0,0.0,1.0,0.0,0.0,0.0,0.0,0.0,0.0,0.0,0.0,0.0,0.0,0.0,0.0,0.0,0.0,0,0,0.0,0,0,0,0,0.0,0,0,0
1,36,360.862,369.883,10,SCARH_Black,SCARH_Black,1.0,0.5309420570689115,3.16489764578621,0.21237321052113414,2.7850687220979506,0.07831260817909722,0.29026022799547313,0.11663215437963047,0.08992466078836389,0.23912331309061935,0.18349993486719737,0.39448984607783555,49.55444,37.1366,2.63411,3.2535,1.0,0.0,1.0,0.0,0.0,0.0,0.0,0.0,0.0,0.0,0.0,0.0,0.0,0.0,0.0,0.0,0.0,0,0,0.0,0,0,0,0,0.0,0,0,0
1,37,370.875,379.893,10,SCARH_Black,SCARH_Black,1.0,1.198541198030548,3.237143008275632,-0.31565148906220397,0.08982202378997033,0.5663830908441687,2.1997169508309544,0.8173169060528174,0.5461714334855093,0.6773059836718928,0.5881911828699589,0.8106975109114819,16.677417,8.41972,15.575101,24.4876,1.0,0.0,0.7,0.0,0.0,0.0,0.0,0.0,0.0,0.0,0.0,0.0,0.0,0.0,0.0,0.0,0.0,0,0,0.0,0,0,0,0,0.0,0,0,0
1,38,380.894,389.896,10,SCARH_Black,SCARH_Black,1.0,1.537901756410374,6.697143833127204,0.6693230953597876,3.9128795293291483,0.2841840034954252,2.5015609224186424,0.7819516553450524,0.4911903549824509,0.33107495341343957,0.8824397752251528,0.37712926565607263,43.714984,3.87747,24.61528,48.4601,1.0,0.1,0.9,0.0,0.0,0.0,0.0,0.0,0.0,0.0,0.0,0.0,0.0,0.0,0.0,0.0,0.0,0,0,0.0,0,0,0,0,0.0,0,0,0
1,39,390.898,399.917,10,SCARH_Black,SCARH_Black,1.0,5.758019642466865,6.913691388154897,-0.32537579275200845,2.450465390491848,0.5493054600779314,2.1706446144569878,0.782808894507893,0.5905356897115019,0.8191068383688084,0.9701833916351207,0.8516424715059706,97.04065399999999,8.10554,70.55089000000001,89.9191,1.0,0.0,1.0,0.0,0.0,0.0,0.0,0.0,0.0,0.0,0.0,0.0,0.0,0.0,0.0,0.0,0.0,0,0,0.0,0,0,0,0,0.0,0,0,0
1,40,400.913,409.928,10,SCARH_Black,SCARH_Black,1.0,4.974911155462074,6.778975994946164,0.02115308648242121,2.7791102228394777,0.46390073165141565,1.2454047606896652,0.4639853018203553,0.35511773592080725,0.47106089579423094,0.9788621068255058,0.5784550318264193,114.689906,7.33556,111.75532000000001,122.602,1.0,0.0,0.9,0.0,0.0,0.0,0.0,0.0,0.0,0.0,0.0,0.0,0.0,0.0,0.0,0.0,0.0,0,0,0.0,0,0,0,0,0.0,0,0,0
1,41,410.934,419.948,10,SCARH_Black,SCARH_Black,1.0,4.348440549069453,7.048039556117307,0.3233270198876427,2.5234055915998597,0.3584102924792369,1.0503133333536145,0.3815456012214573,0.2262581921035612,0.29150825621667487,0.9804344628268264,0.3813708536357511,139.34526,95.7676,135.7664,150.921,1.0,0.0,1.0,0.0,0.0,0.0,0.0,0.0,0.0,0.0,0.0,0.0,0.0,0.0,0.0,0.0,0.0,0,0,0.0,0,0,0,0,0.0,0,0,0
1,42,420.956,429.963,10,SCARH_Black,SCARH_Black,1.0,4.826457445523426,6.708733577458649,-0.011859438445889454,2.3345204796303594,0.22128065043844086,0.6144018068880713,0.2217719354880401,0.17759014113148303,0.18327353668810714,0.9833007872261534,0.27633570642651434,140.13209999999998,108.184,178.4973,213.642,1.0,0.0,1.0,0.0,0.0,0.0,0.0,0.0,0.0,0.0,0.0,0.0,0.0,0.0,0.0,0.0,0.0,0,0,0.0,0,0,0,0,0.0,0,0,0
1,43,430.955,439.967,10,SCARH_Black,SCARH_Black,1.0,4.660799278409241,6.74724636234944,-0.0010466097089744705,2.9851666372948222,0.6650192222943078,2.4979153356787824,0.8006955163338554,0.8611931240136389,0.7494946458331829,0.9399034000281337,0.712323615466792,71.19750300000001,1.58536,216.4761,258.774,1.0,0.3,1.0,0.0,0.0,0.0,0.0,0.0,0.0,0.0,0.0,0.0,0.0,0.0,0.0,0.0,0.0,0,0,0.0,0,0,0,0,0.0,0,0,0
1,44,440.968,448.983,9,SCARH_Black,SCARH_Black,1.0,5.917800129680697,6.941489682895002,-0.3131092665555926,0.37077488779006335,0.11184214566472758,0.48885412729006783,0.17474257277772354,0.13515885186170407,0.33011315201651564,0.8573631586428916,0.48721774839447285,148.82522222222224,130.425,272.38322222222223,285.663,1.0,0.0,1.0,0.0,0.0,0.0,0.0,0.0,0.0,0.0,0.0,0.0,0.0,0.0,0.0,0.0,0.0,0,0,0.0,0,0,0,0,0.0,0,0,0
1,45,450.056,459.984,11,SCARH_Black,SCARH_Black,1.0,3.804246061462022,6.749603349466561,0.27977007816984134,3.0724953199072047,0.4554089030571115,2.1130583591578023,0.8261896356186881,0.7519866738468618,0.4918218611592298,0.8595731067739948,0.4488775847586701,121.45559818181817,6.24755,306.493,335.126,1.0,0.0,1.0,0.0,0.0,0.0,0.0,0.0,0.0,0.0,0.0,0.0,0.0,0.0,0.0,0.0,0.0,0,0,0.0,0,0,0,0,0.0,0,0,0
1,46,460.988,469.999,10,SCARH_Black,SCARH_Black;SVD_Wooden,1.0,5.979424805505082,6.76136909042621,-0.3254078462747834,0.39323468086192975,0.20661620162287025,0.6306979576878405,0.2596996971454383,0.2038720997529615,0.3518522121086993,0.9325074200386118,0.6250429340873672,141.30442,79.961,375.58000000000004,408.994,1.0,0.0,0.5,0.0,0.0,0.0,0.0,0.0,0.0,0.0,0.0,0.0,0.0,0.0,0.0,0.0,0.0,0,0,0.0,0,0,0,0,0.0,0,0,0
1,47,471.001,479.005,9,SCARH_Black,SCARH_Black,1.0,3.2333539566768557,3.695819221737988,-0.05293178543718118,0.29538251096740614,0.40449106861465584,2.5036677709590833,0.8026412765713227,0.6888077619476619,0.7030061764759211,0.9107335669912806,0.529856596940203,54.74677777777778,4.39079,416.72344444444445,428.077,1.0,0.3333333333333333,0.2222222222222222,0.3333333333333333,0.0,0.0,1.998,0.0,0.0,0.3333333333333333,0.0,1.998,0.0,0.0,0.0,0.0,0.0,0,0,0.0,0,0,0,0,0.0,0,0,0
1,48,480.011,489.016,10,SVD_Wooden,SVD_Wooden,1.0,0.31422288713902774,2.6188135731630204,-0.29996315799361417,0.0,0.00084349006485543,0.005851147577751945,0.0019378382288982308,0.0011702274060985116,0.018807839390026816,0.8747412891260726,0.40234792794955165,4.47599,4.38249,432.9805,434.881,1.0,1.0,0.1,0.9,0.9,0.8,6.007,6.007,0.0,0.9,0.8,6.007,6.007,0.8,0.0,6.007,0.0,1,1,0.0,6,6,1,2,1.0,2,1,0
1,49,490.014,499.038,10,SVD_Wooden,SVD_Wooden,1.0,3.2822616454543208,6.712865391172074,0.5399749539515317,2.2790047751885902,0.4196490398711054,1.7927331101916315,0.6383240779804167,0.44023301912593304,0.32045000567525495,0.7867018951947414,0.2542220631291051,59.925870999999994,4.34767,430.2611,442.287,1.0,0.4,0.4,0.4,0.2,0.2,10.02,8.015,0.0,0.4,0.2,10.02,8.015,0.2,0.0,8.015,0.0,1,1,0.0,0,6,1,2,1.0,2,1,0
1,50,500.028,509.044,10,SVD_Wooden,SVD_Wooden,1.0,0.9112602562381188,3.0269087050225196,-0.5406664539553778,0.0,0.21578445997424148,1.526959034021663,0.494027580397264,0.18925052041995555,0.4267962798337953,0.8843642789103855,0.6668566788093411,6.5784970000000005,3.63647,450.32849999999996,453.17,1.0,0.7,0.0,0.7,0.7,0.7,6.007,6.007,0.0,0.7,0.7,6.007,6.007,0.7,0.0,6.007,0.0,2,2,0.0,9,15,3,3,1.0,3,1,1
1,51,510.047,519.057,10,SVD_Wooden,SVD_Wooden,1.0,1.376553338246174,3.4289626293016915,0.33866459544636573,1.194636917550427,0.1292416766262797,0.6210475800499905,0.22653933355345898,0.12490380520170756,0.11503238343741326,0.8075210483737599,0.11090228614194549,6.238443999999999,3.58867,450.7281,455.472,1.0,0.6,0.0,0.6,0.5,0.5,12.011,11.011,0.0,0.6,0.5,12.011,11.011,0.5,0.0,11.011,0.0,2,2,0.0,2,17,3,3,1.0,3,1,1
1,52,520.058,529.06,10,SVD_Wooden,SVD_Wooden,1.0,0.8164381833520796,3.4796653751795414,-0.3404081430993765,2.0909212217076227,0.010864983216129104,0.05305141718597494,0.016197428198375146,0.01350264120481991,0.05891404432346838,0.6445798205294732,0.15647027886030934,3.607949,3.46034,429.6237,432.516,1.0,1.0,0.0,1.0,0.9,0.9,9.001999999999999,3.995,0.0,1.0,0.9,9.001999999999999,3.995,0.9,0.0,3.995,0.0,4,4,0.0,5,22,3,3,1.0,3,1,1
1,53,530.065,539.081,10,SVD_Wooden,SVD_Wooden,1.0,0.08296731373738991,0.8296731373738991,0.08230884299344238,0.8230884299344238,0.0008039123320764674,0.008038933929820214,0.002542127463264533,0.0008038914116363819,0.0004887264042754688,0.7492013293269082,0.002841856497532579,3.499104,3.48953,426.7803,426.868,1.0,1.0,0.0,1.0,0.9,0.9,19.023,13.008,0.0,1.0,0.9,19.023,13.008,0.9,0.0,13.008,0.0,4,4,0.0,6,28,3,3,1.0,3,1,1
1,54,540.081,549.088,10,SVD_Wooden,SVD_Wooden,1.0,1.1137657891618813,3.4866351750205506,-0.0831100878846773,3.233558995743864,0.04091979571130434,0.21154666310805084,0.07928602725871725,0.048902705049303,0.06226789022828734,0.9737800095527416,0.049207695148474236,4.3199629999999996,3.52059,418.9827,431.87,1.0,0.9,0.0,0.9,0.4,0.4,23.022,3.009,0.0,0.9,0.4,23.022,3.009,0.4,0.0,3.009,0.0,5,5,0.0,3,27,3,3,1.0,3,1,1
1,55,550.087,559.098,10,SVD_Wooden,SVD_Wooden;Engraved1911,1.0,0.7275443390349938,3.222743433784368,0.00013800157997870822,1.6485728965393192,0.054005586140062914,0.4069587182397607,0.1287929521349502,0.08139174364795214,0.09361199665573951,0.8708128607643228,0.12687433060222797,4.430025,3.54801,422.797,429.414,1.0,0.9,0.0,0.9,0.5,0.5,7.009,4.008,0.0,0.9,0.5,7.009,4.008,0.5,0.0,4.008,0.0,6,6,0.0,3,28,3,3,1.0,3,1,1
1,56,560.101,569.106,10,Engraved1911,Engraved1911;SVD_Wooden,1.0,2.3137175045342224,6.633177084733801,0.6648020548767081,4.074341333154164,0.006136604575049795,0.026985021662912174,0.00915169849428627,0.007496795767320716,0.004328661014468445,0.750788934897016,0.02065037568260153,4.015295,3.52737,423.5116,429.334,1.0,0.9,0.1,0.9,0.4,0.4,16.018,7.0089999999999995,0.0,0.9,0.4,16.018,7.0089999999999995,0.4,0.0,7.0089999999999995,0.0,6,6,0.0,2,30,3,3,1.0,3,1,1
1,57,570.11,579.121,10,SVD_Wooden,SVD_Wooden;SCARH_Black,1.0,4.70119453557594,6.62655110017378,0.001056746090218576,1.930779897904133,0.14093492597669802,0.973601696535897,0.30467971839024127,0.2444979647039455,0.23702234278027054,0.8838014374179292,0.24535577018972746,56.344704,5.97061,402.0176,408.69,1.0,0.0,0.3,0.0,0.0,0.0,0.0,0.0,0.0,0.0,0.0,0.0,0.0,0.0,0.0,0.0,0.0,6,6,0.0,0,21,1,3,1.0,3,1,1
1,58,580.121,589.134,10,SCARH_Black,SCARH_Black,1.0,3.9097982514962553,6.589742545046869,-0.3814004795542188,0.028823095795828983,0.4018532357957283,1.1103124980240233,0.40525192485790806,0.23757883007949726,0.3188556582274214,0.8464617719367833,0.41481084396658385,36.064170000000004,14.6717,414.80789999999996,422.241,1.0,0.0,0.0,0.0,0.0,0.0,0.0,0.0,0.0,0.0,0.0,0.0,0.0,0.0,0.0,0.0,0.0,6,6,0.0,0,19,1,3,1.0,3,1,1
1,59,590.131,599.147,10,SCARH_Black,SCARH_Black,1.0,4.182881796345322,6.981988031929267,0.3703909314877971,2.740897693348255,0.18897754595251723,1.0664595797260492,0.3298948571948507,0.335020425988085,0.2735886394099402,0.9335832462298435,0.2846432784571184,57.839200000000005,11.7659,425.7644,429.545,1.0,0.0,0.0,0.0,0.0,0.0,0.0,0.0,0.0,0.0,0.0,0.0,0.0,0.0,0.0,0.0,0.0,6,6,0.0,0,14,1,3,1.0,3,1,1
1,60,600.155,609.16,10,SCARH_Black,SCARH_Black,1.0,4.1617293821441725,6.773373124794318,-0.296530916394306,0.33593351865377397,0.45538302493603017,1.417559158244707,0.48703376030678774,0.3638893764647607,0.38591762904322513,0.9512055427888239,0.3972208179477241,102.1118,45.9334,426.40200000000004,445.654,1.0,0.0,0.1,0.0,0.0,0.0,0.0,0.0,0.0,0.0,0.0,0.0,0.0,0.0,0.0,0.0,0.0,6,6,0.0,0,8,1,3,1.0,3,1,1
1,61,610.166,619.163,10,SCARH_Black,SCARH_Black,1.0,2.2038390673259314,3.435224311393202,-0.05377061733698461,2.262831383267372,0.22260083313404672,1.1273240757670657,0.33684732514290977,0.2059133712240448,0.18083818801425125,0.9490841767139125,0.34909599416489523,113.41959,97.5169,417.4585,424.24,1.0,0.0,0.4,0.0,0.0,0.0,0.0,0.0,0.0,0.0,0.0,0.0,0.0,0.0,0.0,0.0,0.0,5,5,0.0,0,5,1,2,0.8333333333333334,2,1,0
1,62,620.173,625.176,6,SCARH_Black,SCARH_Black,1.0,0.7961914632852153,3.5004416949302994,-0.4897475968308487,0.5612538588451176,0.10404937496715112,0.47643474143154807,0.19177862968239476,0.18788759885192816,0.3450420631982016,0.8868990824434357,0.34466449495492935,147.31283333333332,145.917,481.17633333333333,481.377,1.0,0.0,0.0,0.0,0.0,0.0,0.0,0.0,0.0,0.0,0.0,0.0,0.0,0.0,0.0,0.0,0.0,5,5,0.0,0,2,0,1,0.3333333333333333,1,0,0
2,0,0.0,9.835,11,sem_arma,sem_arma,0.0,0.0,0.0,0.0,0.0,2.668644767469535e-08,9.937521371525637e-08,2.499141138253979e-08,9.93604121988556e-09,8.239406689770659e-09,0.0,1.0648508162587505e-08,180.0,180.0,0.0,0.0,0.0,0.0,0.0,0.0,0.0,0.0,0.0,0.0,0.0,0.0,0.0,0.0,0.0,0.0,0.0,0.0,0.0,0,0,0.0,0,0,0,0,0.0,0,0,0
2,1,10.82,19.827,10,sem_arma,sem_arma,0.0,0.5100395513702513,1.814035699845176,0.1473928480148245,1.8158515513965727,0.4081608916124109,2.4233992160952122,0.7565276433239965,0.3227980627074222,0.18942841721947912,0.07660144160317779,0.15036601674875202,180.0,180.0,0.0,0.0,0.0,0.0,0.0,0.0,0.0,0.0,0.0,0.0,0.0,0.0,0.0,0.0,0.0,0.0,0.0,0.0,0.0,0,0,0.0,0,0,0,0,0.0,0,0,0
2,2,20.829,29.845,10,sem_arma,sem_arma,0.0,1.6592540197450067,3.1877187035321852,-0.02484960833281047,2.4834464506659484,0.6411900517971943,1.6771429467845853,0.5517768904892746,0.613202414962407,0.7097466005641325,0.2916649721529648,0.7346596052135431,180.0,180.0,0.0,0.0,0.0,0.0,0.0,0.0,0.0,0.0,0.0,0.0,0.0,0.0,0.0,0.0,0.0,0.0,0.0,0.0,0.0,0,0,0.0,0,0,0,0,0.0,0,0,0
2,3,30.836,39.871,10,sem_arma,sem_arma,0.0,2.583685194447434,4.014408256952902,0.04524019846043597,2.3179103245292225,0.4269006398480986,1.7500207529851852,0.5720839458080186,0.4794455766913311,0.45049189646902804,0.3350755625150892,0.48819204359625834,180.0,180.0,0.0,0.0,0.0,0.0,0.0,0.0,0.0,0.0,0.0,0.0,0.0,0.0,0.0,0.0,0.0,0.0,0.0,0.0,0.0,0,0,0.0,0,0,0,0,0.0,0,0,0
2,4,40.876,49.899,10,sem_arma,sem_arma,0.0,0.4013194285572611,2.3175815062045846,-0.17284152710698128,2.153178772308373,0.4066644613932147,2.133344392135971,0.6577780006888907,0.5155394412327711,0.6233349035671673,0.5191737363440967,0.6873472559414067,180.0,180.0,0.0,0.0,0.0,0.0,0.0,0.0,0.0,0.0,0.0,0.0,0.0,0.0,0.0,0.0,0.0,0.0,0.0,0.0,0.0,0,0,0.0,0,0,0,0,0.0,0,0,0
2,5,50.894,59.891,10,sem_arma,sem_arma,0.0,0.0,0.0,0.0,0.0,0.09602514699174156,0.7260125508226267,0.2332746890852584,0.1452025062516915,0.189374187762473,0.4843338506275434,0.3196764012074044,180.0,180.0,0.0,0.0,0.0,0.0,0.0,0.0,0.0,0.0,0.0,0.0,0.0,0.0,0.0,0.0,0.0,0.0,0.0,0.0,0.0,0,0,0.0,0,0,0,0,0.0,0,0,0
2,6,60.897,69.911,10,sem_arma,sem_arma,0.0,1166.0450545020008,11659.44658149716,19.761832072213657,11740.934400182641,0.3942179548483892,1.8998371622648722,0.6309937000900279,0.4971652545012679,0.33690179490703176,0.913269510510094,0.3010934854565356,78.5201,33.7843,3.4276275,3.46224,0.8,0.0,1.0,0.0,0.0,0.0,0.0,0.0,0.0,0.0,0.0,0.0,0.0,0.0,0.0,0.0,0.0,0,0,0.0,0,0,0,0,0.0,0,0,0
2,7,70.913,79.93,10,sem_arma,sem_arma,0.0,0.23371608572142363,1.8253486592369788,-0.0033209557855535497,1.329273158306108,0.24996885590220627,1.8741043866821934,0.6035799100842622,0.18998371481031792,0.47656737029714125,0.9998215652016615,0.7645224075050269,30.2015,27.993,4.227738,4.43621,1.0,0.0,1.0,0.0,0.0,0.0,0.0,0.0,0.0,0.0,0.0,0.0,0.0,0.0,0.0,0.0,0.0,0,0,0.0,0,0,0,0,0.0,0,0,0
2,8,80.92,89.935,10,sem_arma,sem_arma,0.0,0.0,0.0,0.0,0.0,1.4894403352936583e-08,1.5066897061524426e-08,1.0708094017650745e-10,1.372978969789574e-10,1.1539258777181677e-10,0.9943742057569317,0.019782704390620055,28.013299999999997,27.9462,4.432542,4.43993,1.0,0.0,1.0,0.0,0.0,0.0,0.0,0.0,0.0,0.0,0.0,0.0,0.0,0.0,0.0,0.0,0.0,0,0,0.0,0,0,0,0,0.0,0,0,0
2,9,90.932,99.94,10,sem_arma,sem_arma,0.0,0.0,0.0,0.0,0.0,1.4894302746864123e-08,1.5066897061524426e-08,9.880081764913028e-11,1.2361822498509367e-10,9.614057638934356e-11,0.0999152699744362,9.266928067416008e-11,28.022000000000002,27.9285,4.434116,4.44045,1.0,0.0,1.0,0.0,0.0,0.0,0.0,0.0,0.0,0.0,0.0,0.0,0.0,0.0,0.0,0.0,0.0,0,0,0.0,0,0,0,0,0.0,0,0,0
2,10,100.95,109.953,10,sem_arma,sem_arma,0.0,0.0,0.0,0.0,0.0,1.4882353197739738e-08,1.4991107840893013e-08,9.416988751081287e-11,1.2904290177635097e-10,1.0436808756922463e-10,0.0,1.048907207085543e-10,28.01266,27.9352,4.432683,4.4396,1.0,0.0,1.0,0.0,0.0,0.0,0.0,0.0,0.0,0.0,0.0,0.0,0.0,0.0,0.0,0.0,0.0,0,0,0.0,0,0,0,0,0.0,0,0,0
2,11,110.947,119.961,10,sem_arma,sem_arma,0.0,0.0,0.0,0.0,0.0,1.4891839691182508e-08,1.5128082430302188e-08,2.0644943118753974e-10,2.6520467892504647e-10,1.9242225548838458e-10,0.0,1.5626747496626322e-10,28.01001,27.9548,4.433775,4.43875,1.0,0.0,1.0,0.0,0.0,0.0,0.0,0.0,0.0,0.0,0.0,0.0,0.0,0.0,0.0,0.0,0.0,0,0,0.0,0,0,0,0,0.0,0,0,0
2,12,120.98,129.976,10,sem_arma,sem_arma,0.0,0.0,0.0,0.0,0.0,1.4880444442891314e-08,1.5189766762331963e-08,1.6311443576799863e-10,1.9405967709240816e-10,1.5898744762112754e-10,0.0,1.8340219872307892e-10,28.00681,27.9587,4.433,4.43942,1.0,0.0,1.0,0.0,0.0,0.0,0.0,0.0,0.0,0.0,0.0,0.0,0.0,0.0,0.0,0.0,0.0,0,0,0.0,0,0,0,0,0.0,0,0,0
2,13,130.978,139.979,10,AugShort,AugShort,1.0,0.0,0.0,0.0,0.0,0.037899951381243434,0.3789994838435882,0.11985015904439483,0.07579989529481446,0.0847468592941981,0.0,0.0958801257994723,41.631919999999994,28.0133,4.432551999999999,4.43999,1.0,0.0,1.0,0.0,0.0,0.0,0.0,0.0,0.0,0.0,0.0,0.0,0.0,0.0,0.0,0.0,0.0,0,0,0.0,0,0,0,0,0.0,0,0,0
2,14,140.98,149.99,10,AugShort,AugShort,1.0,0.007064003808018871,0.0706400380801887,6.980165045655517e-05,0.07056946861157713,0.08251753989845682,0.7695017206562721,0.24201492438888786,0.07695017206562721,0.03636640102553645,0.0,0.049932080697690076,41.809219999999996,22.205,4.4767269999999995,4.48296,1.0,0.0,1.0,0.0,0.0,0.0,0.0,0.0,0.0,0.0,0.0,0.0,0.0,0.0,0.0,0.0,0.0,0,0,0.0,0,0,0,0,0.0,0,0,0
2,15,150.988,159.013,9,AugShort,AugShort,1.0,0.0,0.0,0.0,0.0,0.0,0.0,0.0,0.08550019118403024,0.15115884271383032,0.0,0.2421619116867054,22.20478888888889,22.1678,4.475573333333333,4.4811,1.0,0.0,1.0,0.0,0.0,0.0,0.0,0.0,0.0,0.0,0.0,0.0,0.0,0.0,0.0,0.0,0.0,0,0,0.0,0,0,0,0,0.0,0,0,0
2,16,160.005,169.029,10,AugShort,AugShort,1.0,0.10823610079122166,0.5958588690973435,0.0002488089596078713,0.5994556027136253,0.04085899433742326,0.35879924683418973,0.11280338494166901,0.07175984788708306,0.08082726734331817,0.1459957739046528,0.06774792149541704,24.08461,21.8878,4.575976,5.0178,1.0,0.0,1.0,0.0,0.0,0.0,0.0,0.0,0.0,0.0,0.0,0.0,0.0,0.0,0.0,0.0,0.0,0,0,0.0,0,0,0,0,0.0,0,0,0
2,17,170.007,179.032,10,AugShort,AugShort,1.0,0.0,0.0,0.0,0.0,1.4899241160761934e-08,1.5236361138903534e-08,2.0541915470199168e-10,3.272368996643999e-10,2.01691016153094e-10,0.09199154783781188,0.04669587119572296,26.054840000000002,25.997,4.568942,4.57475,1.0,0.0,1.0,0.0,0.0,0.0,0.0,0.0,0.0,0.0,0.0,0.0,0.0,0.0,0.0,0.0,0.0,0,0,0.0,0,0,0,0,0.0,0,0,0
2,18,180.042,189.057,10,AugShort,AugShort,1.0,0.4017409573792607,1.079274170889131,-0.0010838670897516333,0.6421754110808995,0.039636220528473355,0.23669064914923132,0.07257903173246841,0.06463300320360033,0.05889437888694926,0.1640664925109549,0.06626455655897893,22.73176,19.952,4.455382,4.75885,1.0,0.0,1.0,0.0,0.0,0.0,0.0,0.0,0.0,0.0,0.0,0.0,0.0,0.0,0.0,0.0,0.0,0,0,0.0,0,0,0,0,0.0,0,0,0
2,19,190.049,199.056,10,AugShort,AugShort,1.0,0.07110952352853459,0.4745404152660488,0.0008774367583812281,0.4783673540988395,0.022834481958424628,0.22347149081819379,0.07051329272470105,0.0456689449864011,0.058237231922163804,0.060360470654427255,0.06089499129480473,23.037010000000002,20.3426,4.719767,4.85917,1.0,0.0,1.0,0.0,0.0,0.0,0.0,0.0,0.0,0.0,0.0,0.0,0.0,0.0,0.0,0.0,0.0,0,0,0.0,0,0,0,0,0.0,0,0,0
2,20,200.06,209.068,10,AugShort,AugShort,1.0,0.0,0.0,0.0,0.0,2.1049792641788817e-08,2.1372641232704885e-08,1.951349224887014e-10,2.5412200848778067e-10,1.4981465177185624e-10,0.39411394985296155,0.021462197235858016,24.46121,24.4227,4.638059,4.64301,1.0,0.0,1.0,0.0,0.0,0.0,0.0,0.0,0.0,0.0,0.0,0.0,0.0,0.0,0.0,0.0,0.0,0,0,0.0,0,0,0,0,0.0,0,0,0
2,21,210.071,215.077,6,AugShort,AugShort,1.0,0.0,0.0,0.0,0.0,2.1043204700257395e-08,2.1372641232704885e-08,1.848149697365605e-10,2.7496431105860617e-10,2.158297219750068e-10,0.7060113295268237,2.0438818624543855e-10,24.469033333333332,24.424,4.638928333333333,4.64403,1.0,0.0,1.0,0.0,0.0,0.0,0.0,0.0,0.0,0.0,0.0,0.0,0.0,0.0,0.0,0.0,0.0,0,0,0.0,0,0,0,0,0.0,0,0,0
2,29,294.173,299.179,6,AugShort,AugShort,1.0,0.08267452150537906,0.4960471290322743,0.08129254818621344,0.4877552891172806,0.010041596872992034,0.06022838020010996,0.024586403659156427,0.010045126894936598,0.004497055653269467,0.16666666666666666,0.003179772549221366,24.38978333333333,24.0407,4.715026666666667,5.10215,1.0,0.0,1.0,0.0,0.0,0.0,0.0,0.0,0.0,0.0,0.0,0.0,0.0,0.0,0.0,0.0,0.0,0,0,0.0,0,0,0,0,0.0,0,0,0
2,30,300.163,309.172,10,AugShort,AugShort,1.0,0.010039835785373888,0.10039835785373888,-0.040381487621446395,0.10029805979394495,0.00680002723979461,0.0680002723979461,0.021503574228938938,0.012822865259805605,0.013815044815578062,0.9669802095299505,0.01929135698433866,23.79144,22.1171,5.088023,5.10324,1.0,0.0,1.0,0.0,0.0,0.0,0.0,0.0,0.0,0.0,0.0,0.0,0.0,0.0,0.0,0.0,0.0,0,0,0.0,0,0,0,0,0.0,0,0,0
2,31,310.185,319.181,10,AugShort,AugShort,1.0,0.10482717211036778,0.3881461648835539,-0.010654993545462834,0.28405509084878094,0.005073135601043827,0.025392375804531776,0.008526345725700978,0.011354243172230962,0.015512080794151261,0.3053556836645922,0.020408731610799376,24.21106,23.1692,4.307646,4.63463,1.0,0.0,1.0,0.0,0.0,0.0,0.0,0.0,0.0,0.0,0.0,0.0,0.0,0.0,0.0,0.0,0.0,0,0,0.0,0,0,0,0,0.0,0,0,0
2,32,320.187,329.196,10,AugShort,AugShort,1.0,0.0,0.0,0.0,0.0,2.9758670309147778e-08,2.9982215681786027e-08,1.8023210035112678e-10,2.731200186181505e-10,0.00011483415562937632,0.9794726502592288,0.002177158972311176,25.03836,24.9807,4.038317,4.04433,1.0,0.0,1.0,0.0,0.0,0.0,0.0,0.0,0.0,0.0,0.0,0.0,0.0,0.0,0.0,0.0,0.0,0,0,0.0,0,0,0,0,0.0,0,0,0
2,33,330.205,339.206,10,AugShort,AugShort,1.0,0.36697686941313934,2.3070511733919075,0.005505024783359358,1.3628802863399139,0.3646753521271572,1.3747399799534024,0.5216910448753775,0.44879438210834144,0.3445802003672255,0.9326193159757115,0.27391285071190047,27.61557,25.0328,3.809532,4.05435,1.0,0.0,0.9,0.0,0.0,0.0,0.0,0.0,0.0,0.0,0.0,0.0,0.0,0.0,0.0,0.0,0.0,0,0,0.0,0,0,0,0,0.0,0,0,0
2,34,340.233,349.223,10,AugShort,AugShort,1.0,0.3355916928953949,1.6019143838724916,0.001018542541088796,1.37093384099201,0.5006572496021198,1.9627149718180614,0.668046541104637,0.7481125585028114,0.534258878753755,0.5428552888188973,0.5163751833444737,68.73709,20.7613,3.01466,5.23994,1.0,0.0,1.0,0.0,0.0,0.0,0.0,0.0,0.0,0.0,0.0,0.0,0.0,0.0,0.0,0.0,0.0,0,0,0.0,0,0,0,0,0.0,0,0,0
2,35,350.233,359.241,10,AugShort,AugShort,1.0,2.1688039725071,3.611595967763367,0.3587289506634582,2.53850105159601,0.3203370436268561,1.1153102501973726,0.34772292292272095,0.5017668727950312,0.5315063145805989,0.4626949407922069,0.615034767464444,41.30246,13.8544,15.770362,24.5127,1.0,0.0,0.7,0.0,0.0,0.0,0.0,0.0,0.0,0.0,0.0,0.0,0.0,0.0,0.0,0.0,0.0,0,0,0.0,0,0,0,0,0.0,0,0,0
2,36,360.242,369.241,10,AugShort,AugShort,1.0,3.8562575116619477,5.599053073493458,-0.04695540309980375,1.6313197239466386,0.29652954498453676,1.5636689201813174,0.4907497164741577,0.4385844860210392,0.3407514173562113,0.7090310855299221,0.3678406700764513,94.5127,15.184,34.27069,53.0948,1.0,0.0,0.9,0.0,0.0,0.0,0.0,0.0,0.0,0.0,0.0,0.0,0.0,0.0,0.0,0.0,0.0,0,0,0.0,0,0,0,0,0.0,0,0,0
2,37,370.253,379.259,10,AugShort,AugShort,1.0,1.8930332589599086,3.254740908981595,0.07499678639896142,2.805587127453532,0.43666962899739553,1.9284192602765675,0.7398654839699794,0.2723113318908482,0.40808081903359505,0.8782937361202343,0.513170657489363,16.011395999999998,1.21321,74.74722,92.814,1.0,0.5,0.8,0.1,0.2,0.0,0.0,0.0,0.0,0.0,0.0,0.0,0.0,0.0,0.0,0.0,0.0,0,0,0.0,0,0,0,0,0.0,0,0,0
2,38,380.265,389.284,10,AugShort,AugShort;sem_arma,0.8,3.4008789792547653,6.116362563339962,-0.03519968514170298,2.7044225902602244,0.7962056175814849,2.1701740315544127,0.7369339297112132,0.9497696964685574,0.7687495111207439,0.7821046699348653,0.754746440677833,59.010329,2.2536,103.18035,123.003,1.0,0.3,0.8,0.1,0.0,0.0,1.006,0.0,0.0,0.0,0.0,0.0,0.0,0.0,0.0,0.0,0.0,0,0,0.0,0,0,0,0,0.0,0,0,0
2,39,390.272,399.31,10,sem_arma,sem_arma,0.0,0.8419064570238983,2.1816724716113356,-0.21510501482349667,1.23537675734328,0.05484833705706177,0.15901478869989794,0.05326052265748735,0.08017290977570327,0.31751298357561597,0.3264700943498876,0.581809365159723,127.8569,123.975,115.64226,157.445,1.0,0.0,0.8,0.0,0.0,0.0,0.0,0.0,0.0,0.0,0.0,0.0,0.0,0.0,0.0,0.0,0.0,0,0,0.0,0,0,0,0,0.0,0,0,0
2,40,400.327,409.297,10,sem_arma,sem_arma,0.0,0.80546788862548,2.2014255115114225,-0.050802477463429606,1.2391952882402217,0.4538810595021622,1.7001943913273925,0.5968137857354091,0.5894811258494115,0.5605238705187569,0.6357349948069352,0.49430347728266283,90.36420000000001,62.0698,90.20172,171.964,1.0,0.0,0.3,0.0,0.0,0.0,0.0,0.0,0.0,0.0,0.0,0.0,0.0,0.0,0.0,0.0,0.0,0,0,0.0,0,0,0,0,0.0,0,0,0
2,41,410.361,419.317,10,sem_arma,sem_arma,0.0,0.6641625243790219,1.7700086860834086,-0.024749008314198285,1.5075788993385644,0.134948830090119,1.0100607668981123,0.31272121057088303,0.25566967580474415,0.16533521052208705,0.4856392176778733,0.34257938099596597,91.55845,81.1365,106.97005999999999,234.01,1.0,0.0,0.3,0.0,0.0,0.0,0.0,0.0,0.0,0.0,0.0,0.0,0.0,0.0,0.0,0.0,0.0,0,0,0.0,0,0,0,0,0.0,0,0,0
2,42,420.31,429.328,10,sem_arma,sem_arma;AugShort,0.2,2.3097519199916143,7.137117803720069,0.7371822520541966,4.557968263941081,0.3759793022853251,1.3543352409357412,0.4173534046342511,0.3301587284928028,0.29189659291941006,0.5093804158906832,0.34025520142103727,80.48177,18.6401,243.39818,286.039,1.0,0.0,1.0,0.0,0.0,0.0,0.0,0.0,0.0,0.0,0.0,0.0,0.0,0.0,0.0,0.0,0.0,0,0,0.0,0,0,0,0,0.0,0,0,0
2,43,430.324,439.342,10,AugShort,AugShort,1.0,3.74778346939083,6.169049039663408,-0.4132652366531972,0.2560205829111704,0.28262659139540214,1.1890203740087415,0.4660037981458259,0.3403455933223474,0.4002239248504285,0.9077123879498679,0.4423063506398891,118.46445000000001,95.7335,200.2357,328.916,1.0,0.0,0.4,0.0,0.0,0.0,0.0,0.0,0.0,0.0,0.0,0.0,0.0,0.0,0.0,0.0,0.0,0,0,0.0,0,0,0,0,0.0,0,0,0
2,44,440.327,449.344,10,AugShort,AugShort,1.0,3.6077783620444075,6.8046309759051,-0.2949460587901795,2.3142126780053633,0.4582208370062332,1.0112230734931753,0.37659235618993503,0.4570946287688299,0.3927950840647561,0.9314914854573443,0.43575826269175255,113.28450000000001,68.981,329.164,409.913,1.0,0.0,0.0,0.0,0.0,0.0,0.0,0.0,0.0,0.0,0.0,0.0,0.0,0.0,0.0,0.0,0.0,0,0,0.0,0,0,0,0,0.0,0,0,0
2,45,450.353,459.371,10,sem_arma,sem_arma,0.0,1.1833990780115156,2.585713630151309,0.15886267682609795,1.6766582847152172,0.96919833724518,2.09645080672109,0.7150072457330559,0.8313287477002145,0.7901435574418302,0.7713508841483555,0.7446080288497912,65.09362300000001,7.53083,273.6442,430.079,1.0,0.0,0.1,0.0,0.0,0.0,0.0,0.0,0.0,0.0,0.0,0.0,0.0,0.0,0.0,0.0,0.0,0,0,0.0,0,0,0,0,0.0,0,0,0
2,46,460.353,469.371,10,sem_arma,sem_arma,0.0,2.5073576142549543,3.5316215928234023,0.04897455435091956,1.8986453290594494,0.3580959501664251,1.3659340969516924,0.5038627542712582,0.6596311485566505,0.5156105973702922,0.4519223311731214,0.544108097166752,95.47119,30.2889,433.34970000000004,434.966,1.0,0.0,0.1,0.0,0.0,0.0,0.0,0.0,0.0,0.0,0.0,0.0,0.0,0.0,0.0,0.0,0.0,0,0,0.0,0,0,0,0,0.0,0,0,0
2,47,470.397,479.38,10,sem_arma,sem_arma,0.0,1.1710319244046508,2.2162119653286676,-0.20312742284222698,1.887897161450234,0.02178814720141914,0.08220983710181683,0.032350700635814224,0.0307618120079707,0.10027950080925938,0.08980825186713086,0.29860083621190847,128.661,127.262,436.46220000000005,447.558,1.0,0.0,0.1,0.0,0.0,0.0,0.0,0.0,0.0,0.0,0.0,0.0,0.0,0.0,0.0,0.0,0.0,0,0,0.0,0,0,0,0,0.0,0,0,0
2,48,480.389,489.402,10,sem_arma,sem_arma;AugShort,0.4,0.7950331575775175,2.1686607164806064,-0.006824713831042839,1.3264211486460906,0.0787594010465138,0.25914157311855185,0.0987812117093122,0.06746877458053763,0.07685380260527398,0.36786785858619575,0.07656151327772329,123.4145,111.209,451.79470000000003,453.341,1.0,0.0,0.2,0.0,0.0,0.0,0.0,0.0,0.0,0.0,0.0,0.0,0.0,0.0,0.0,0.0,0.0,0,0,0.0,0,0,0,0,0.0,0,0,0
2,49,490.388,499.407,10,AugShort,AugShort,1.0,0.24320797415318532,1.7601961800551935,-0.0037648972055165375,1.6770696068631954,0.013278374649011774,0.11998590199540002,0.037707419472988585,0.023997178394781202,0.029938098622046005,0.4545297746500957,0.06209772149830626,114.82560000000001,113.517,453.4539,456.128,1.0,0.0,0.0,0.0,0.0,0.0,0.0,0.0,0.0,0.0,0.0,0.0,0.0,0.0,0.0,0.0,0.0,0,0,0.0,0,0,0,0,0.0,0,0,0
2,50,500.4,509.413,10,AugShort,AugShort;sem_arma,0.7,0.8626025473786856,2.9852563866661077,0.1951280692700932,2.190067274133669,0.027516779965689697,0.15371400121567505,0.04912063750030117,0.03536560202413406,0.031798739763567826,0.7179017214511784,0.028362615814465537,121.275,114.754,444.7802,450.009,1.0,0.0,0.0,0.0,0.0,0.0,0.0,0.0,0.0,0.0,0.0,0.0,0.0,0.0,0.0,0.0,0.0,0,0,0.0,0,0,0,0,0.0,0,0,0
2,51,510.412,519.43,10,sem_arma,sem_arma,0.0,0.6460375842504217,1.5195688525089661,-0.055427153035929336,1.193597379090672,0.15744821917114143,1.0197298587413521,0.3068665731539363,0.14726957209009267,0.08438383517006699,0.7655239977599759,0.07646730957728595,119.46404,71.6064,437.6522,440.148,1.0,0.0,0.0,0.0,0.0,0.0,0.0,0.0,0.0,0.0,0.0,0.0,0.0,0.0,0.0,0.0,0.0,0,0,0.0,0,0,0,0,0.0,0,0,0
2,52,520.426,529.436,10,sem_arma,sem_arma,0.0,0.7567011516628833,2.230256389473185,-0.13972031000296897,1.2673572231593635,0.31629226922992715,2.2844029200772415,0.6942368194871936,0.38213266360724274,0.5046584011215874,0.5995109132909384,0.7200683248799458,78.61809,68.8489,126.3818,127.834,1.0,0.0,0.0,0.0,0.0,0.0,0.0,0.0,0.0,0.0,0.0,0.0,0.0,0.0,0.0,0.0,0.0,0,0,0.0,0,0,0,0,0.0,0,0,0
2,53,530.435,539.445,10,sem_arma,sem_arma;AugShort,0.1,1.562294275979558,3.8587200099695047,0.001955495158146836,2.585861883852281,0.3345998957727519,1.0074821849300917,0.3354257953492193,0.3076663108774431,0.237437054533796,0.24847419888837044,0.20332095221101482,98.53553000000001,73.2202,218.579,429.405,1.0,0.0,0.0,0.0,0.0,0.0,0.0,0.0,0.0,0.0,0.0,0.0,0.0,0.0,0.0,0.0,0.0,0,0,0.0,0,0,0,0,0.0,0,0,0
2,54,540.455,549.462,10,AugShort,AugShort,1.0,0.9110213511489395,3.3008029563845502,-0.004418822406873274,1.5563943098740023,0.2245635638618931,1.008769604923378,0.3884488617845066,0.20175391952686858,0.3843734765643869,0.37479001707666765,0.37790573201000466,45.276317,3.90445,417.8353,429.407,1.0,0.5,0.5,0.1,0.2,0.0,0.0,0.0,0.0,0.1,0.0,0.0,0.0,0.0,0.0,0.0,0.0,0,0,0.0,0,0,0,0,0.0,0,0,0
2,55,550.459,559.468,10,AugShort,AugShort,1.0,2.2378071339219296,3.605563572060073,0.2911709696314958,3.282744952586361,0.5877013728576308,1.548001129666031,0.5539591039008747,0.4765884946257991,0.551241231886147,0.6725241692316896,0.5736141507215688,102.44196500000001,4.35555,219.858,411.025,1.0,0.1,0.1,0.0,0.0,0.0,0.0,0.0,0.0,0.0,0.0,0.0,0.0,0.0,0.0,0.0,0.0,0,0,0.0,0,0,0,0,0.0,0,0,0
2,56,560.466,569.472,10,AugShort,AugShort,1.0,0.9265631084757414,3.0323912506138693,-0.22069813300032273,0.7249686556288581,0.44784989316083446,1.381650937087348,0.5500371629076783,0.5663920798557784,0.5167607318857952,0.9027182564671143,0.497363216442196,53.8197,21.2718,231.362,423.398,1.0,0.0,0.0,0.0,0.0,0.0,0.0,0.0,0.0,0.0,0.0,0.0,0.0,0.0,0.0,0.0,0.0,0,0,0.0,0,0,0,0,0.0,0,0,0
2,57,570.482,579.49,10,AugShort,AugShort,1.0,1.3664180401012345,3.7011404295255983,0.296511049089656,1.841338091100159,0.5436049973749955,1.3863048942291543,0.5661517270800827,0.8516868582917523,0.5707604075321746,0.6519234556610543,0.5413887521860021,24.058115,0.34435,372.6143,430.365,1.0,0.2,0.0,0.2,0.0,0.0,0.947,0.0,0.0,0.1,0.0,0.0,0.0,0.0,0.0,0.0,0.0,0,0,0.0,0,0,0,0,0.0,0,0,0
2,58,580.505,589.505,10,AugShort,AugShort,1.0,3.430750981833485,3.862177901116719,-0.014034188393754666,0.8953936074302006,0.4341522377231266,0.9813058215513373,0.3308231745434581,0.42366684329232457,0.3793298405475657,0.7210061362651111,0.43780008373232127,20.576945000000002,5.29439,337.08389999999997,428.558,1.0,0.0,0.1,0.0,0.0,0.0,0.0,0.0,0.0,0.0,0.0,0.0,0.0,0.0,0.0,0.0,0.0,0,0,0.0,0,0,0,0,0.0,0,0,0
2,59,590.497,599.531,10,AugShort,AugShort,1.0,4.257027829145732,6.533910971345884,0.24405520269316403,2.452805427148778,0.33650747437627315,1.158834657507806,0.4418993588761655,0.3395134730007862,0.41731153173361946,0.8086222768970363,0.37979343108622754,29.973706,6.23656,414.83329999999995,420.553,1.0,0.0,0.7,0.0,0.0,0.0,0.0,0.0,0.0,0.0,0.0,0.0,0.0,0.0,0.0,0.0,0.0,0,0,0.0,0,0,0,0,0.0,0,0,0
2,60,600.513,609.492,10,AugShort,AugShort,1.0,3.260470658717556,3.823678065926609,-0.30886768715631624,1.015350353829069,0.5558613713569682,1.4891887055087993,0.49849446038986206,0.39557333174404474,0.2979152072781337,0.7898404320139205,0.4255610659801678,62.89415,14.4767,392.4192,403.988,1.0,0.0,0.2,0.0,0.0,0.0,0.0,0.0,0.0,0.0,0.0,0.0,0.0,0.0,0.0,0.0,0.0,0,0,0.0,0,0,0,0,0.0,0,0,0
2,61,610.49,619.499,10,AugShort,AugShort,1.0,1.5250371807260086,3.900808552946436,-0.29332886755879556,0.9754241944827304,0.156475522542186,0.7018250485887728,0.24150217665211443,0.29868115441121634,0.3406775731294444,0.9656826500394239,0.45641922269587687,92.69938499999999,7.16155,282.4892,379.69,1.0,0.0,0.0,0.0,0.0,0.0,0.0,0.0,0.0,0.0,0.0,0.0,0.0,0.0,0.0,0.0,0.0,0,0,0.0,0,0,0,0,0.0,0,0,0
2,62,620.499,626.512,7,AugShort,AugShort,1.0,1.2323631738040721,2.898411674020389,0.025709633978565818,2.0822900904777155,0.6725573276639754,1.14994922799367,0.47346397784002314,0.5782717315378029,0.38082214006658505,0.8203526578365693,0.3827182905544169,135.34728571428573,85.935,189.91042857142858,191.938,1.0,0.0,0.0,0.0,0.0,0.0,0.0,0.0,0.0,0.0,0.0,0.0,0.0,0.0,0.0,0.0,0.0,0,0,0.0,0,0,0,0,0.0,0,0,0
