vel_posicao,acel_linear,vel_rotacao,jitter_mira,entropia_mov,eficiencia_trajeto,var_camera_durante_corrida,eficiencia_mean_20s,entropia_mean_10s,travado_min_5s,travado_em_player,distancia_alvo,tem_visao,perseguindo_player,mirando,alerta_speedhack,alerta_aimbot,alerta_lockon,esp_oculto_longa_distancia
0.0,0.0,0.0,0.0,0.0,0.0,0.0,0.0,0.0,180.0,180.0,0.0,1,0,0,0,0,0,0
0.0,0.0,0.0,0.0,0.0,0.0,0.0,0.0,0.0,180.0,180.0,0.0,1,0,0,0,0,0,0
0.0,0.0,0.0,0.0,0.0,0.0,0.0,0.0,0.0,180.0,180.0,0.0,1,0,0,0,0,0,0
0.0,0.0,0.0,0.0,0.0,0.0,0.0,0.0,0.0,180.0,180.0,0.0,1,0,0,0,0,0,0
0.0,0.0,0.0,0.0,0.0,0.0,0.0,0.0,0.0,180.0,180.0,0.0,1,0,0,0,0,0,0
0.0,0.0,0.0,0.0,0.0,0.0,0.0,0.0,0.0,180.0,180.0,0.0,1,0,0,0,0,0,0
0.0,0.0,0.0,0.0,0.0,0.0,0.0,0.0,0.0,180.0,180.0,0.0,1,0,0,0,0,0,0
0.0,0.0,0.0,0.0,0.0,0.0,0.0,0.0,0.0,180.0,180.0,0.0,1,0,0,0,0,0,0
0.0,0.0,0.0,0.0,0.0,0.0,0.0,0.0,0.0,180.0,180.0,0.0,1,0,0,0,0,0,0
0.0,0.0,0.0,0.0,0.0,0.0,0.0,0.0,0.0,180.0,180.0,0.0,1,0,0,0,0,0,0
0.0,0.0,0.0,0.0,0.0,0.0,0.0,0.0,0.0,180.0,180.0,0.0,1,0,0,0,0,0,0
0.0,0.0,0.0,0.0,0.0,0.0,0.0,0.0,0.0,180.0,180.0,0.0,1,0,0,0,0,0,0
0.0,0.0,0.0,0.0,0.0,0.0,0.0,0.0,0.0,180.0,180.0,0.0,1,0,0,0,0,0,0
0.0,0.0,0.0,0.0,0.0,0.0,0.0,0.0,0.0,180.0,180.0,0.0,1,0,0,0,0,0,0
0.0,0.0,0.0,0.0,0.0,0.0,0.0,0.0,0.0,180.0,180.0,0.0,1,0,0,0,0,0,0
0.0,0.0,0.0,0.0,0.0,0.0,0.0,0.0,0.0,180.0,180.0,0.0,1,0,0,0,0,0,0
0.0,0.0,0.0,0.0,0.0,0.0,0.0,0.0,0.0,180.0,180.0,0.0,1,0,0,0,0,0,0
0.0,0.0,0.0,0.0,0.0,0.0,0.0,0.0,0.0,180.0,180.0,0.0,1,0,0,0,0,0,0
0.0,0.0,0.0,0.0,0.0,0.0,0.0,0.0,0.0,180.0,180.0,0.0,1,0,0,0,0,0,0
0.0,0.0,0.0,0.0,0.0,0.0,0.0,0.0,0.0,180.0,180.0,0.0,1,0,0,0,0,0,0
0.0,0.0,0.0,0.0,0.0,0.0,0.0,0.0,0.0,180.0,180.0,0.0,1,0,0,0,0,0,0
0.0,0.0,0.0,0.0,0.0,0.0,0.0,0.0,0.0,180.0,180.0,0.0,1,0,0,0,0,0,0
0.0,0.0,0.0,0.0,0.0,0.0,0.0,0.0,0.0,180.0,180.0,0.0,1,0,0,0,0,0,0
1.3341664064117609,1.3341664064117609,0.10092989129772813,0.10092989129772813,0.04513721958067691,1.0,0.031916834049402855,0.05,0.004513721958067691,180.0,180.0,0.0,1,0,0,0,0,0,0
1.5297058540776927,0.1955394476659318,0.4176014486700945,0.3166715573723664,0.18083339209267166,0.5454328241982852,0.132367475795332,0.07727164120991425,0.022597061167334856,180.0,180.0,0.0,1,0,0,0,0,0,0
0.9848857801791302,-0.5448200738985625,0.19832943416642101,0.2192720145036735,0.17402191201615685,0.209476866644215,0.13845313703611486,0.08774548454212501,0.03999925236895054,180.0,180.0,0.0,1,0,0,0,0,0,0
2.860069929215247,1.875184149036117,0.40354863807907526,0.20521920391265425,0.18418769668855672,0.4963855350023959,0.1703695837301178,0.1125647612922448,0.058418022037806216,180.0,180.0,0.0,1,0,0,0,0,0,0
3.3120990323372888,0.4520291031220416,0.7055107694061927,0.30196213132711747,0.23329832000038817,0.6589240303043761,0.24745614099035745,0.14551096280746362,0.08174785403784504,180.0,180.0,0.0,1,0,0,0,0,0,0
3.9824615503468426,0.6703625180095538,0.5408987819344047,0.16461198747178807,0.18711181027386387,0.7490359823681999,0.2618094341020199,0.1829627619258736,0.10045903506523142,180.0,180.0,0.0,1,0,0,0,0,0,0
3.1384709652949274,-0.8439905850519152,4.450579830450607e-06,0.5408943313545742,0.2780585763527996,0.7878914543552304,0.2618089870577525,0.2223573346436351,0.1282648927005114,180.0,180.0,0.0,1,0,0,0,0,0,0
0.0,-3.1384709652949274,0.0,4.450579830450607e-06,0.31964554536341455,0.7878914543552304,0.2618089870577525,0.26175190736139664,0.16022944723685284,180.0,180.0,0.0,1,0,0,0,0,0,0
0.0,0.0,0.0,0.0,0.3462684526597063,0.7878914543552304,0.2618089870577525,0.3011464800791582,0.19485629250282346,180.0,180.0,0.0,1,0,0,0,0,0,0
0.0,0.0,0.0,0.0,0.24189679148815746,0.7878914543552304,0.2618089870577525,0.3405410527969197,0.21904597165163922,180.0,180.0,0.0,1,0,0,0,0,0,0
0.0,0.0,0.0,0.0,1.990355200034379e-06,0.7878914543552304,0.26945760954320336,0.3799356255146812,0.21453244872909152,180.0,180.0,0.0,1,0,0,0,0,0,0
0.0,0.0,0.0,0.0,0.0,0.7878914543552304,0.2689247409542595,0.4193301982324427,0.19644910951982436,180.0,180.0,0.0,1,0,0,0,0,0,0
0.0,0.0,0.0,0.0,0.0,0.7878914543552304,0.27506176478547745,0.45872477095020425,0.17904691831820868,180.0,180.0,0.0,1,0,0,0,0,0,0
0.0,0.0,0.0,0.0,0.0,0.7878914543552304,0.26561504133440905,0.4981193436679658,0.160628148649353,180.0,180.0,0.0,1,0,0,0,0,0,0
0.0,0.0,0.0,0.0,0.0,0.7878914543552304,0.17104705708062884,0.5375139163857273,0.1372983166493142,180.0,180.0,0.0,1,0,0,0,0,0,0
0.0,0.0,0.0,0.0,0.0,0.7878914543552304,1.4073813920850844e-06,0.5769084891034888,0.1185871356219278,180.0,180.0,0.0,1,0,0,0,0,0,0
0.0,0.0,0.0,0.0,0.0,0.7878914543552304,0.0,0.6163030618212504,0.09078127798664784,180.0,180.0,0.0,1,0,0,0,0,0,0
0.0,0.0,0.0,0.0,0.0,0.7878914543552304,0.0,0.6556976345390119,0.05881672345030638,180.0,180.0,0.0,1,0,0,0,0,0,0
4.465422712353824,4.465422712353824,0.050112436373619174,0.050112436373619174,0.0224109628499091,0.8290446994966112,0.015846943804090522,0.6971498695138425,0.026430974469326657,180.0,180.0,0.0,1,0,0,0,0,0,0
5.522680508593465,1.0572577962396412,0.14626288616942534,0.09615044979580617,0.06362278422297579,0.8612933639210764,0.04719670588731312,0.7402145377098963,0.008603573742808493,180.0,180.0,0.0,1,0,0,0,0,0,0
3.687817782917352,-1.8348627256761132,0.4040232196840661,0.2577603335146408,0.16959007067934545,0.9475032196328865,0.1295680898828212,0.7375896986915406,0.025562381775223037,180.0,180.0,0.0,1,0,0,0,0,0,0
3.178049716413511,-0.5097680665038413,0.9264597845228943,0.5224365648388283,0.3805283539169034,0.9223298425488258,0.3004324563646017,0.7564345496090676,0.06361521716691337,180.0,180.0,0.0,1,0,0,0,0,0,0
2.8460498941521166,-0.33199982226139424,0.04514952429455865,0.8813102602283357,0.37190836415939643,0.9369167899594518,0.2982139786762831,0.7928065457748293,0.10080605358285302,180.0,180.0,0.0,1,0,0,0,0,0,0
2.5,-0.3460498941521166,2.182597676258256,2.137448151963697,0.875224629746019,0.8769101333219125,0.6993275668588658,0.8118327756908054,0.18832851655745492,180.0,180.0,0.0,1,0,0,0,0,0,0
6.676076692189356,4.176076692189356,0.009710172502633172,2.172887503755623,0.9001927808314447,0.7456710989905503,0.6987548208662011,0.816170129125114,0.2783477946405994,180.0,180.0,0.0,1,0,0,0,0,0,0
6.6483080554390686,-0.02776863675028718,0.024117437251572227,0.014407264748939054,0.9476367778523213,0.6867576064470178,0.6973514221138916,0.8130562103290548,0.37311147242583154,180.0,180.0,0.0,1,0,0,0,0,0,0
6.484597134748268,-0.16371092069080095,0.002007772048149725,0.0221096652034225,0.9671724049906816,0.6952399055768402,0.697230507023671,0.8084236328901353,0.4698287129248997,180.0,180.0,0.0,1,0,0,0,0,0,0
6.937578828381493,0.4529816936332258,0.00044125705673181415,0.001566514991417911,0.9720766604589951,0.7058057773098013,0.6972038664708817,0.804319349037864,0.5670363789707992,180.0,180.0,0.0,1,0,0,0,0,0,0
6.425729530567328,-0.5118492978141651,0.718110413494915,0.7176691564381832,0.3172312898753717,0.7268050552380044,0.6941764056174753,0.8012650290820027,0.5965184116733455,180.0,180.0,0.0,1,0,0,0,0,0,0
3.3060550509625157,-3.1196744796048126,0.13914573770029137,0.5789646757946236,0.307977878696991,0.7281765632217391,0.694521296410577,0.798279284525328,0.620953921120747,180.0,180.0,0.0,1,0,0,0,0,0,0
1.9924858845180768,-1.3135691664444389,0.21349265684858798,0.07434691914829661,0.2959209029210905,0.7208455161184831,0.6983784412845884,0.7949269876134906,0.6335870043449214,180.0,180.0,0.0,1,0,0,0,0,0,0
0.0,-1.9924858845180768,0.0,0.21349265684858798,0.29628271144805335,0.7208455161184831,0.6859708137486094,0.7915746907016533,0.6251624400980365,180.0,180.0,0.0,1,0,0,0,0,0,0
0.0,0.0,0.0,0.0,0.29636236891381146,0.7208455161184831,0.6882242825698097,0.788222393789816,0.617607840573478,180.0,180.0,0.0,1,0,0,0,0,0,0
0.0,0.0,0.0,0.0,0.10008731611251458,0.7208455161184831,0.2257709869401131,0.7848700968779785,0.5400941092101275,180.0,180.0,0.0,1,0,0,0,0,0,0
0.0,0.0,0.0,0.0,0.09547681868209668,0.7208455161184831,0.2262739274790199,0.7815177999661411,0.4596225129951927,180.0,180.0,0.0,1,0,0,0,0,0,0
0.0,0.0,0.0,0.0,0.0,0.7208455161184831,0.22741349586371246,0.7781655030543039,0.36485883520996054,180.0,180.0,0.0,1,0,0,0,0,0,0
0.0,0.0,0.0,0.0,0.0,0.7208455161184831,0.22751766621738487,0.7748132061424664,0.2681415947108924,180.0,180.0,0.0,1,0,0,0,0,0,0
0.0,0.0,0.0,0.0,0.0,0.7208455161184831,0.22754069619534104,0.771460909230629,0.1709339286649929,180.0,180.0,0.0,1,0,0,0,0,0,0
0.0,0.0,0.0,0.0,0.0,0.7725137302980306,0.07638009275068267,0.7686343607707,0.13921079967745575,180.0,180.0,0.0,1,0,0,0,0,0,0
0.0,0.0,0.0,0.0,0.0,0.8570092529591673,0.06751230593622823,0.7684201552226047,0.10841301180775664,180.0,180.0,0.0,1,0,0,0,0,0,0
0.0,0.0,0.0,0.0,0.0,0.906673036566823,0.0,0.7663786460693015,0.0788209215156476,180.0,180.0,0.0,1,0,0,0,0,0,0
0.0,0.0,0.0,0.0,0.0,0.9205180207802625,0.0,0.7662880549808733,0.04919265037084227,180.0,180.0,0.0,1,0,0,0,0,0,0
0.0,0.0,0.0,0.0,0.0,0.9850065245595091,0.0,0.7686925417108762,0.019556413479461125,180.0,180.0,0.0,1,0,0,0,0,0,0
0.0,0.0,0.0,0.0,0.0,0.9885818599039079,0.0,0.7742761280399759,0.009547681868209668,180.0,180.0,0.0,1,0,0,0,0,0,0
0.0,0.0,0.0,0.0,0.0,0.9863264203761934,0.0,0.7863088941092581,0.0,180.0,180.0,0.0,1,0,0,0,0,0,0
0.0,0.0,0.0,0.0,0.0,0.9828255722243681,0.0,0.8011122923981256,0.0,180.0,180.0,0.0,1,0,0,0,0,0,0
0.0,0.0,0.0,0.0,0.0,0.979452907782292,0.0,0.8153229425083982,0.0,180.0,180.0,0.0,1,0,0,0,0,0,0
0.0,0.0,0.0,0.0,0.0,0.9689317248794601,0.0,0.8284792398868811,0.0,180.0,180.0,0.0,1,0,0,0,0,0,0
0.0,0.0,0.0,0.0,0.0,0.9843015252065366,0.0,0.8413540633853078,0.0,180.0,180.0,0.0,1,0,0,0,0,0,0
0.0,0.0,0.0,0.0,0.0,1.0,0.0,0.854945235224221,0.0,180.0,180.0,0.0,1,0,0,0,0,0,0
0.0,0.0,0.0,0.0,0.0,0.0,0.0,0.8189029594182966,0.0,180.0,180.0,0.0,1,0,0,0,0,0,0
0.0,0.0,0.0,0.0,0.0,0.0,0.0,0.7828606836123725,0.0,180.0,180.0,0.0,1,0,0,0,0,0,0
0.0,0.0,0.0,0.0,0.0,0.0,0.0,0.7468184078064483,0.0,180.0,180.0,0.0,1,0,0,0,0,0,0
0.0,0.0,0.4126415806125623,0.4126415806125623,0.18453892491852972,0.0,0.1304887252027675,0.7107761320005241,0.01845389249185297,180.0,180.0,0.0,1,0,0,0,0,0,0
2.886173937931833,2.886173937931833,1.3057552663365606,0.8931136857239983,0.5667213479513452,1.0,0.4189909992742654,0.7247338561946,0.0751260272869875,180.0,180.0,0.0,0,0,0,0,0,0,0
3.1320919526730604,0.24591801474122743,0.21015302910692935,1.0956022372296312,0.5421192812407042,0.9643055585958328,0.4146623422624636,0.7369068583184675,0.12933795541105791,180.0,180.0,0.0,0,0,0,0,0,0,0
3.2140317359984656,0.08193978332540519,0.043000307786405845,0.1671527213205235,0.5347619064235021,0.9763418114561213,0.4126583465757541,0.7496816730853494,0.18281414605340812,180.0,180.0,0.0,0,0,0,0,0,0,0
2.9154759474222134,-0.2985557885762522,0.010709894605026804,0.03229041318137904,0.5328055249924133,0.9818145168081023,0.41210333274157607,0.7627301231198303,0.23609469855264945,180.0,180.0,0.0,0,0,0,0,0,0,0
2.9154759474226504,4.369837824924616e-13,0.05289902932047763,0.04218913471545083,0.5539428042764005,0.9680861866020306,0.4096080730379889,0.7725087459350304,0.2914889789802895,180.0,180.0,0.0,0,0,0,0,0,0,0
2.5079872407969486,-0.4074887066257018,0.9960615862707867,0.943162556950309,0.41724205331104786,0.9691960677812429,0.47111039222028295,0.7781180866761341,0.3332131843113943,180.0,180.0,0.0,1,0,0,0,0,0,0
4.816637831517673,2.308650590720725,1.753442446734613,0.7573808604638264,0.7810224928085191,0.9457816382518401,0.6413176697204973,0.7800735167603849,0.4113154335922462,180.0,180.0,0.0,1,0,0,0,0,0,0
6.646803743153289,1.830165911635616,0.7072509500361418,1.0461914966984711,0.7230531802074122,0.9337668842040103,0.6213772504841258,0.7807359599315723,0.4836207516129874,180.0,180.0,0.0,1,0,0,0,0,0,0
6.177378084591883,-0.4694256585614065,0.1565006575300718,0.55075029250607,0.6902998903335498,0.9441923626890748,0.6078315522995064,0.7786952518380506,0.5526507406463425,180.0,180.0,0.0,1,0,0,0,0,0,0
6.815423684555949,0.638045599964066,0.004233852271890326,0.15226680525818148,0.7025253267903838,0.9532352815285046,0.6324176867962342,0.7769279229192805,0.6044493808335278,180.0,180.0,0.0,1,0,0,0,0,0,0
6.705221845695737,-0.11020183886021151,0.2113477985571306,0.20711394628524027,0.7139711048933038,0.9591144703837963,0.5741087821592246,0.7755673254196607,0.6191743565277237,180.0,180.0,0.0,1,0,0,0,0,0,0
6.596969000987992,-0.10825284470774488,0.030535871940771786,0.1808119266163588,0.28458422381388143,0.9629504850718724,0.5839400765063752,0.7745735710620358,0.5934208507850414,180.0,180.0,0.0,1,0,0,0,0,0,0
6.627216610312752,0.030247609324759672,0.3379193568010283,0.3073834848602565,0.13658425574737948,0.9632541849693763,0.5714103512814973,0.7737636349213901,0.5536030857174291,180.0,180.0,0.0,1,0,0,0,0,0,0
6.711929677820638,0.08471306750788621,0.12270444967506955,0.21521490712595875,0.1369009398371873,0.9599603911292113,0.5634059081229621,0.7733150682338776,0.5140126272019065,180.0,180.0,0.0,1,0,0,0,0,0,0
6.599999999998545,-0.11192967782209351,0.11361383349427268,0.009090616180796873,0.11677275964687171,0.9599349195214143,0.5591141026493368,0.7720967379496215,0.4702956227389537,180.0,180.0,0.0,1,0,0,0,0,0,0
6.280127387243693,-0.31987261275485146,0.5135129538896983,0.39989912039542563,0.19790720439209988,0.9345755168193071,0.5259526104411715,0.7688255137905868,0.44836213784705886,180.0,180.0,0.0,1,0,0,0,0,0,0
6.555150646628133,0.2750232593844393,0.08586085200619742,0.4276521018835009,0.18557266189975147,0.8805927283176939,0.22659505766703797,0.8128551502064715,0.3888171547561821,180.0,180.0,0.0,1,0,0,0,0,0,0
6.1717096496843435,-0.3834409969437891,1.3191104860981102,1.2332496340919128,0.526889402958285,0.8606884624002438,0.3922988327027974,0.8558895733264837,0.3692007770312694,180.0,180.0,0.0,1,0,0,0,0,0,0
5.903388857257838,-0.26832079242650586,0.7224211688901623,0.5966893172079479,0.5070614494454834,0.8688802670368192,0.4113328177760791,0.8993335866783247,0.35087693294246275,180.0,180.0,0.0,1,0,0,0,0,0,0
2.6400757564878803,-3.2633131007699574,0.4430146725837124,0.27940649630644987,0.4547421746762439,0.8634990879215484,0.3938409777025276,0.9425085410744021,0.3260986177310487,180.0,180.0,0.0,1,0,0,0,0,0,0
1.9104973174558033,-0.729578439032077,1.3991073523180857,0.9560926797343733,0.5638419914634107,0.8449080815521768,0.49903132389325733,0.9347539451520109,0.31108570638805944,180.0,180.0,0.0,1,0,0,0,0,0,0
2.451530134425896,0.5410328169700929,0.7514693253334228,0.6476380269846629,0.41338278128033323,0.8180986940970444,0.4736966181441527,0.9274436019270716,0.3239655621347046,180.0,180.0,0.0,0,0,1,0,0,0,0
1.6999999999996576,-0.7515301344262386,0.015086195905002152,0.7363831294284207,0.5053082571718334,0.7925768599107814,0.5022353113531219,0.9182553543498045,0.36083796227715004,180.0,180.0,0.0,0,0,1,0,0,0,0
1.6552945357249924,-0.04470546427466515,0.0011623498206865257,0.013923846084315626,0.5823327266705407,0.7687133425649145,0.514995586291103,0.9076002956376452,0.4053811409604854,180.0,180.0,0.0,0,0,1,0,0,0,0
1.8384776310859734,0.18318309536098099,1.788803183355725e-05,0.0011444617888529685,0.6291650540635999,0.7308425411550573,0.526483034355267,0.8957381133652966,0.45662037040215814,180.0,180.0,0.0,0,0,1,0,0,0,0
2.451530134425896,0.6130525033399228,0.012086254447927658,0.0120683664160941,0.3329627211069038,0.6810595843262949,0.5510133791583842,0.8813312891925491,0.47012592207363857,180.0,180.0,0.0,0,0,1,0,0,0,0
0.7211102550928988,-1.7304198793329975,0.020683558021355797,0.008597303573428139,0.008971080121270347,0.6626582730663279,0.5564852391628193,0.8671751209332734,0.45246576389579046,180.0,180.0,0.0,0,0,0,0,0,0,0
0.14142135623782398,-0.5796888988550748,0.012844250565602344,0.007839307455753453,0.008692984952992946,0.6527590309558393,0.48308195296101153,0.8531247282708648,0.40064612209526124,180.0,180.0,0.0,0,0,0,0,0,0,0
0.31622776601798835,0.17480640978016437,0.021408120208134207,0.008563869642531863,0.008635617973151367,0.6337158969364057,0.47179644959330685,0.8376009049832316,0.350803538948028,180.0,180.0,0.0,0,0,1,0,0,0,0
0.8062257748303062,0.48999800881231786,1.1107385841239104,1.0893304639157761,0.48926303935978044,0.6104644795007768,0.5414729228977893,0.8204623648818451,0.35425562541638167,180.0,180.0,0.0,1,0,0,0,0,0,0
4.809365862563648,4.003140087733342,0.6055749321905064,0.505163651933404,0.49346919188406185,0.5419880102918531,0.4103923465754815,0.7996060418772479,0.34721834545844676,180.0,180.0,0.0,1,0,0,0,0,0,0
5.239274758972415,0.42990889640876695,1.4333870925893248,0.8278121603988184,0.6379991624181066,0.44963164073146406,0.5386468579965398,0.7739400996602275,0.3696799835722241,180.0,180.0,0.0,1,0,0,0,0,0,0
4.981967482832402,-0.25730727614001303,0.44867850205457427,0.9847085905347506,0.5559358200355619,0.3204485151958941,0.5284346552609077,0.7417998161715534,0.37474273985859696,180.0,180.0,0.0,0,0,1,0,0,0,0
0.781024967590945,-4.200942515241457,0.035014874490128634,0.41366362756444564,0.5516538377696001,0.25183411103984965,0.5259355839949476,0.7063935021670853,0.3716748509685029,180.0,180.0,0.0,0,0,1,0,0,0,0
3.2557641192189353,2.47473915162799,1.053831513470118,1.0188166389799893,0.5422561949355571,0.18304095871790124,0.5486416684821183,0.6675488041269098,0.36298396505569863,180.0,180.0,0.0,1,0,0,0,0,0,0
6.573431371818118,3.3176672525991826,0.4918870546744929,0.561944458795625,0.550330649624993,0.2955177419241707,0.5240479909425452,0.6355959153821529,0.38472075790750754,180.0,180.0,0.0,1,0,0,0,0,0,0
5.147815070494313,-1.4256163013238048,0.7223429590271122,0.2304559043526193,0.3749668363372712,0.47507580048047826,0.4954517305878428,0.615320068990292,0.4213203335291077,180.0,180.0,0.0,0,0,1,0,0,0,0
1.772004514665888,-3.375810555828425,0.31255415573014456,0.40978880329696765,0.38887806023942156,0.6452955726458578,0.4645184112468083,0.6045504245025727,0.4593388410577505,180.0,180.0,0.0,1,0,0,0,0,0,0
4.7074409183762835,2.9354364037103955,1.9805648031032719,1.6680106473731273,0.6583590658159082,0.7745795545930418,0.5809105155924733,0.5998353888803839,0.5243111858420262,180.0,180.0,0.0,1,0,0,0,0,0,0
6.826419266351524,2.118978347975241,0.004123616248636325,1.9764411868546357,0.7612470558930331,0.7978928392530639,0.6231263587272261,0.5965550764469597,0.5515095874953514,180.0,180.0,0.0,1,0,0,0,0,0,0
6.129437168287369,-0.6969820980641552,0.03011969328163481,0.025996077032998485,0.8189765252055643,0.7984730447476421,0.6592428435202982,0.594233324606733,0.5840603208275017,180.0,180.0,0.0,1,0,0,0,0,0,0
5.9841457201523065,-0.14529144813506267,0.15039028905732593,0.12027059577569113,0.8390496009729553,0.7953737022726348,0.6133627867529561,0.5930970750155125,0.6041653646829865,180.0,180.0,0.0,1,0,0,0,0,0,0
6.100000000000066,0.11585427984775976,4.130333247272244e-05,0.15034898572485322,0.8672551216528855,0.7964416791240173,0.6354102401043041,0.5932903159761742,0.635297294844719,180.0,180.0,0.0,1,0,0,0,0,0,0
6.152235366107272,0.05223536610720547,0.004677698291383926,0.004636394958911203,0.06401648284425171,0.8015499285650254,0.6378285196901633,0.5949321452761798,0.5865335593521841,180.0,180.0,0.0,1,0,0,0,0,0,0
6.001666435250961,-0.15056893085631096,0.028347604649285763,0.023669906357901838,0.06169868795629026,0.8322223195579116,0.6165159307304692,0.6000011341963225,0.5384778086542574,180.0,180.0,0.0,1,0,0,0,0,0,0
5.532630477449261,-0.46903595780170004,1.4213062575790927,1.3929586529298068,0.6181628488403373,0.8666855887274975,0.7008072477077453,0.6092824344163826,0.5452610285757918,180.0,180.0,0.0,1,0,0,0,0,0,0
2.4041630560337777,-3.128467421415483,1.088356971231033,0.33294928634805965,0.6914410388949984,0.8840682716671673,0.7248602913133233,0.6203529343464246,0.5769084488315646,180.0,180.0,0.0,0,0,1,0,0,0,0
0.9055385138134202,-1.4986245422203575,0.04479517280842105,1.043561798422612,0.6834563017205946,0.8851129767881567,0.7374735286468422,0.6319706316380405,0.6063662729796818,180.0,180.0,0.0,0,0,1,0,0,0,0
0.0,-0.9055385138134202,0.0,0.04479517280842105,0.6843363930944933,0.8850757312697415,0.5230805713010407,0.6445386233547074,0.6089640057075403,180.0,180.0,0.0,0,0,1,0,0,0,0
1.3601470508744806,1.3601470508744806,0.43600162811797283,0.43600162811797283,0.634067457767465,0.8917139396660757,0.5158058679753239,0.6586010963629723,0.5962460458949836,180.0,180.0,0.0,1,0,0,0,0,0,0
6.040695324216269,4.680548273341788,0.011563406755165762,0.42443822136280707,0.46824813840781976,0.8606432089943046,0.51699820847763,0.6745338562980948,0.5611732072152091,180.0,180.0,0.0,1,0,0,0,0,0,0
5.632051136130727,-0.4086441880855425,0.5100200019710863,0.49845659521592056,0.250701478393215,0.8308712652222991,0.5165091655638716,0.6935958375226365,0.5023383949572351,180.0,180.0,0.0,0,0,0,0,0,0,0
2.3769728648014783,-3.2550782713292485,0.00930852671321647,0.5007114752578699,0.2566425288839049,0.8361598426391984,0.5158103502133847,0.7193814038948018,0.441277135680337,180.0,180.0,0.0,0,0,0,0,0,0,0
2.78028775489115,0.4033148900896717,0.002343786165196704,0.0069647405480197655,0.25620278515834916,0.8212450283770025,0.5159871924642675,0.7478519497616595,0.4604957659117468,180.0,180.0,0.0,0,0,0,0,0,0,0
2.4839484696748,-0.2963392852163498,0.39741403385913143,0.39507024769393473,0.24751887687040783,0.8157370152174832,0.5030474219116353,0.7794867525866385,0.4790777848031585,180.0,180.0,0.0,1,0,0,0,0,0,0
4.838388161361523,2.354439691686723,2.2832921920941955,1.885878158235064,0.9461141619119441,0.8342272968424955,0.7242261665802477,0.8064222303325547,0.5118729161103193,180.0,180.0,0.0,1,0,0,0,0,0,0
5.514526271584868,0.676138110223345,0.33986554848203204,1.9434266436121634,0.9549980757438058,0.8690166984018419,0.6921397450852039,0.8261192752286229,0.5382286197952,180.0,180.0,0.0,1,0,0,0,0,0,0
5.805170109478995,0.29064383789412673,0.4841976128056156,0.14433206432358353,0.9029609625000298,0.8746970486833816,0.6806930386949294,0.8375893490304991,0.5601790858731435,180.0,180.0,0.0,1,0,0,0,0,0,0
6.313477647066017,0.5083075375870223,0.05145206441322275,0.4327455483923928,0.8936753018251985,0.8695376226065511,0.6771205639590243,0.8423372524311746,0.581112976746214,180.0,180.0,0.0,1,0,0,0,0,0,0
6.466065264131115,0.15258761706509727,0.008354933660160574,0.04309713075306218,0.9433865593599124,0.8551244078023695,0.691630443899319,0.8451988308586399,0.6120448869054587,180.0,180.0,0.0,1,0,0,0,0,0,0
2.7658633371886556,-3.700201926942459,2.8564103628413284,2.848055429181168,1.1951792253815487,0.8480505914077107,1.0178013016506202,0.8476777081916433,0.6847379956028317,180.0,180.0,0.0,0,0,0,0,0,0,0
1.8357559750687207,-0.9301073621199349,0.02686493256074174,2.8295454302805867,1.2296053048076783,0.8282268485773714,1.0387711239275963,0.8493203655068801,0.7826283782442779,180.0,180.0,0.0,0,0,1,0,0,0,0
1.204159457879985,-0.6315965171887357,0.008820110800863645,0.018044821759878094,1.2668712680140146,0.801571008890289,1.0388043949062815,0.8495768319951937,0.8836512521572889,180.0,180.0,0.0,0,0,1,0,0,0,0
0.8246211251230027,-0.37953833275698234,0.002128639602583693,0.006691471198279952,1.2722972401839892,0.7787240960094591,1.0388192067082431,0.8484355403674153,0.985260697659853,180.0,180.0,0.0,0,0,1,0,0,0,0
1.6278820596094121,0.8032609344864095,0.0,0.002128639602583693,1.2732416940182791,0.7594055038308904,1.0568264852292966,0.8447946995810642,1.08783297937464,180.0,180.0,0.0,0,0,1,0,0,0,0
1.2529964086146603,-0.3748856509947518,0.005009821927788316,0.005009821927788316,0.010751486688942073,0.7410793357904462,0.8870296713366488,0.8385143869342118,0.9942967118523398,180.0,180.0,0.0,0,0,1,0,0,0,0
1.1661903789692474,-0.08680602964541295,0.003869017589921864,0.0011408043378664519,0.0033078093029309447,0.730418411321399,0.8949757115066138,0.8308318939169235,0.8991276852082525,180.0,180.0,0.0,0,0,1,0,0,0,0
0.4999999999992724,-0.666190378969975,0.016360707089752236,0.012491689499830372,0.0063731454676272436,0.7247282001117569,0.899092366165544,0.8228126550831034,0.8094689035050122,180.0,180.0,0.0,0,0,1,0,0,0,0
1.476482306024646,0.9764823060253736,0.0091788246924116,0.007181882397340635,0.006226281303491727,0.7173217496535544,0.9004783089039137,0.814424956002294,0.7207240014528414,180.0,180.0,0.0,0,0,0,0,0,0,0
0.9219544457290915,-0.5545278602955545,0.010448809339325571,0.0012699846469139704,0.004963768955529324,0.7042413583234003,0.9004048259941605,0.8050513269351602,0.626881722412403,180.0,180.0,0.0,0,0,1,0,0,0,0
1.315294643795982,0.3933401980668906,0.0019100462594381362,0.008538763079887435,0.005718730760467685,0.7316325351474523,0.008119283800121422,0.7986007932428176,0.5079356729502951,180.0,180.0,0.0,0,0,1,0,0,0,0
0.8062257748303062,-0.5090688689656758,4.462098658120084e-06,0.0019055841607800161,0.006660035148320125,0.7954158171515565,0.005311017720646157,0.7968280208392804,0.3856411459843592,180.0,180.0,0.0,0,0,1,0,0,0,0
1.3892443989459755,0.5830186241156693,0.0014727447932716409,0.0014682826946135208,0.0048298216007708165,0.7809852078199211,0.005350719169047162,0.7940692890983166,0.2594370013430348,180.0,180.0,0.0,0,0,1,0,0,0,0
0.0,-1.3892443989459755,0.0,0.0014727447932716409,0.004379142764514499,0.7806166339601966,0.00551902793862119,0.7920378693774763,0.13264519160108737,180.0,180.0,0.0,0,0,1,0,0,0,0
0.0,0.0,0.0,0.0,0.0009384264842549185,0.7751049224567482,0.00551902793862119,0.7900062647394396,0.005414864847684936,180.0,180.0,0.0,0,0,1,0,0,0,0
2.184032966784605,2.184032966784605,0.009038953901304936,0.009038953901304936,0.003929177941967779,0.6670299619411345,0.0056787450639437815,0.7816463979943715,0.004732633972987506,180.0,180.0,0.0,0,0,0,0,0,0,0
3.807886552931142,1.623853586146537,0.2257199109454211,0.21668095704411616,0.09984021632518897,0.4763885829213716,0.06990718383592723,0.7620149922203481,0.014385874675213309,180.0,180.0,0.0,1,0,0,0,0,0,0
4.326661530557897,0.5187749776267547,0.10821484223404143,0.11750506871137967,0.09901444366206193,0.2847787529511759,0.07419652100607699,0.7325190774337378,0.02365000449465678,180.0,180.0,0.0,1,0,0,0,0,0,0
6.441273166074201,2.1146116355163045,0.036699990853724884,0.07151485138031655,0.09388570033901385,0.2535207569211716,0.07357424370337481,0.7017182341494688,0.03241594639820899,180.0,180.0,0.0,1,0,0,0,0,0,0
6.551335741663802,0.11006257558960097,5.653962131813017e-06,0.03669433689159307,0.09388455713518334,0.5015315032540418,0.0741022845717393,0.6840385889220524,0.041308025216174396,180.0,180.0,0.0,1,0,0,0,0,0,0
6.328506932918006,-0.22282880874579636,0.0,5.653962131813017e-06,0.09556667660899182,0.6115449498708703,0.0742089086383032,0.6722133068452103,0.0502928198010268,180.0,180.0,0.0,1,0,0,0,0,1,0
6.4140470843303925,0.08554015141238658,0.0,0.0,0.04705569021651741,0.6649493951391132,0.07420916327166435,0.6640494341732974,0.05433238530784653,180.0,180.0,0.0,1,0,0,0,0,1,0
6.280127387242592,-0.1339196970878005,0.043513982790313044,0.043513982790313044,0.022098180514750584,0.7366122394315152,0.07308498034718802,0.6608014957003588,0.056059221199244516,180.0,180.0,0.0,1,0,0,0,0,0,0
5.685947590332811,-0.5941797969097813,0.0017976087388023032,0.04171637405151074,0.019274125010205066,0.7858745285621961,0.07297144816164786,0.6611590173279955,0.057548719423813566,180.0,180.0,0.0,1,0,0,0,0,0,0
5.793962374748182,0.1080147844153716,0.28880296952469436,0.28700536078589206,0.1254764373499036,0.8328655057571579,0.10458500031098303,0.664832017424309,0.07000252051037845,180.0,180.0,0.0,0,0,0,0,0,0,0
5.720139858430113,-0.07382251631806902,0.422756409777159,0.13395344025246464,0.19329776383347258,0.8752924601302082,0.1494082647809664,0.671542673641297,0.08893937909952891,180.0,180.0,0.0,1,0,0,0,0,0,0
5.94053869611107,0.22039883768095692,0.0009409998051648216,0.4218154099719942,0.19311390694493993,0.9159396622158678,0.14741945944760837,0.6808187361860205,0.098266748161504,180.0,180.0,0.0,1,0,0,0,0,0,0
6.220128616032945,0.2795899199218752,0.14143396489952442,0.1404929650943596,0.1841754499988338,0.9267591823190913,0.14824066037720307,0.6909202852963873,0.10678284879518121,180.0,180.0,0.0,1,0,0,0,0,0,0
5.51724568965424,-0.7028829263787051,0.005073360473213828,0.1363606044263106,0.18342674344078155,0.9407497840297886,0.149917260410792,0.702091687015199,0.11573695310535796,180.0,180.0,0.0,1,0,0,0,0,0,0
5.093132631297944,-0.424113058356296,0.0002362412648944101,0.004837119208319418,0.1828063505747103,0.9471429332246196,0.1499018234313548,0.71423676576026,0.12462913244931069,180.0,180.0,0.0,1,0,0,0,0,0,0
6.003332407922084,0.9101997766241396,0.3558460797349401,0.3556098384700457,0.1548774167196021,0.9510232781867154,0.1672729940548211,0.7252063029122231,0.1305602064603717,180.0,180.0,0.0,0,0,0,0,0,0,0
3.4985711369077417,-2.5047612710143423,0.002746016213091451,0.35310006352184864,0.1545885732478422,0.9575976831635463,0.1670451904093466,0.7333153962128226,0.14131349476350416,180.0,180.0,0.0,0,0,0,0,0,0,0
3.4928498393134504,-0.005721297594291297,9.204306912202753e-07,0.002745095782400231,0.15825197058060822,0.9645132593869722,0.16998259379510067,0.7424917987911751,0.15492887377008993,180.0,180.0,0.0,0,0,0,0,0,0,0
3.551056180912746,0.05820634159929572,0.5050303120545925,0.5050293916239013,0.24105962630678762,0.9643644037035088,0.20194135799985977,0.7516791872783407,0.17710742389974818,180.0,180.0,0.0,1,0,0,0,0,0,0
3.05286750449525,-0.4981886764174961,0.03188810873529979,0.4731422033192927,0.23575320454944348,0.9649766093469111,0.2018134511322673,0.7611727716228488,0.18813510061970218,180.0,180.0,0.0,1,0,0,0,0,0,0
2.517935662402748,-0.5349318420925022,0.9350126585878309,0.9031245498525311,0.41695132501007237,0.9697414454303039,0.3136973785788215,0.7763083457973073,0.21050045673736215,180.0,180.0,0.0,0,0,0,0,0,0,0
3.269556544854797,0.7516208824520492,0.6750141674889066,0.25999849109892426,0.40745849376016596,0.9684400399003656,0.33815984211651495,0.8009109186462571,0.23193491541888478,180.0,180.0,0.0,1,0,0,0,0,0,0
2.433105012119168,-0.8364515327356288,0.9812314567032241,0.30621728921431746,0.3846045174836733,0.9561432409336142,0.4022131008138593,0.8344791430453788,0.2519778221673687,180.0,180.0,0.0,1,0,0,0,0,0,0
1.1401754250980212,-1.292929587021147,0.8515183564595541,0.12971310024367,0.38863521146335667,0.9327320412256371,0.4107200522644403,0.8684397072606023,0.2724986689696262,180.0,180.0,0.0,1,0,0,0,0,0,0
0.5385164807137206,-0.6016589443843006,0.20252165031987943,0.6489967061396746,0.31668855991221573,0.9180004532880516,0.3915237530890675,0.8892631547623028,0.28588688990337674,180.0,180.0,0.0,1,0,0,0,0,0,0
0.0,-0.5385164807137206,0.0,0.20252165031987943,0.4229149405850877,0.9133239955002824,0.416799236963904,0.9043521070437732,0.3126906422899253,180.0,180.0,0.0,1,0,0,0,0,0,0
0.0,0.0,0.0,0.0,0.4744596178407678,0.9082806960588478,0.4171043749394755,0.9165186720897601,0.3446777467492179,180.0,180.0,0.0,1,0,0,0,0,0,0
0.0,0.0,0.0,0.0,0.3687473603490433,0.9008871338472848,0.41710447748338864,0.9247324168105486,0.3657272857260614,180.0,180.0,0.0,1,0,0,0,0,0,0
0.0,0.0,0.0,0.0,0.09057043540613692,0.8940054520394111,0.435590706281378,0.9301389629844093,0.35067836663599633,180.0,180.0,0.0,1,0,0,0,0,0,0
0.0,0.0,0.0,0.0,0.0,0.8914059624496916,0.4384298420884792,0.933065985819036,0.32710304618105196,180.0,180.0,0.0,1,0,0,0,0,0,0
0.0,0.0,0.06886681698745258,0.06886681698745258,0.03079817683559625,0.8810622454937633,0.3967831248865843,0.9333544750872138,0.2884877313636044,180.0,180.0,0.0,1,0,0,0,0,0,0
0.0,0.0,1.9918599059373392,1.9229930889498865,0.8835906289180837,0.8669809994824128,0.6686173221172496,0.9309065419505409,0.3361009448793961,180.0,180.0,0.0,1,0,0,0,0,0,0
1.3341664064135332,1.3341664064135332,0.47846642713764975,1.5133934787996894,0.8531820255074166,0.8484949143059197,0.6391091650409135,0.9269933285498825,0.38295869568177043,180.0,180.0,0.0,1,0,0,0,0,0,0
1.4317821063271272,0.09761569991359398,1.4382103810367168,0.9597439538990671,0.8811469763243707,0.8167659662595707,0.7120756289424854,0.9207941376613714,0.4322098721678719,180.0,180.0,0.0,1,0,0,0,0,0,0
0.5385164807137206,-0.8932656256134066,0.5427074517602856,0.8955029292764313,0.78706392118194,0.7703438506787028,0.7087562497346885,0.9119541835340756,0.4792474082948443,180.0,180.0,0.0,1,0,0,0,0,0,0
0.0,-0.5385164807137206,0.0,0.5427074517602856,0.8057142111590508,0.7392547241888519,0.7087562497346885,0.9013657558341827,0.5175273353522406,180.0,180.0,0.0,1,0,0,0,0,0,0
0.0,0.0,0.0,0.0,0.5878342480267981,0.7197480712856074,0.7087562497346885,0.8894732752402856,0.5288647983708437,180.0,180.0,0.0,1,0,0,0,0,0,0
0.5656854249500097,0.5656854249500097,0.39208400315939135,0.39208400315939135,0.589593673889258,0.6256005613057474,0.691610281319787,0.8725276403362242,0.550949429724865,180.0,180.0,0.0,1,0,0,0,0,0,0
0.4999999999992724,-0.06568542495073731,0.0056956824994924835,0.38638832065989887,0.26047575386136695,0.5071290834051388,0.6911629946981587,0.8496658743213057,0.5679399615703881,180.0,180.0,0.0,1,0,0,0,0,0,0
0.0,-0.4999999999992724,0.0,0.0056956824994924835,0.17472590725766135,0.4589560586459225,0.6911629946981587,0.8243648467862563,0.5854125522961542,180.0,180.0,0.0,1,0,0,0,0,0,0
0.9999999999996362,0.9999999999996362,0.4542710360650223,0.4542710360650223,0.2318007733281808,0.5845999730127248,0.6755283774906733,0.8051077731653773,0.6055128119454126,180.0,180.0,0.0,1,0,0,0,0,0,0
0.1000000000003638,-0.8999999999992724,0.0,0.4542710360650223,0.2318007733281808,0.5088160606781646,0.4540527278461544,0.7821265742042673,0.5403338263864224,180.0,180.0,0.0,1,0,0,0,0,0,0
0.0,-0.1000000000003638,0.01700361034484943,0.01700361034484943,0.20073838623909282,0.367175667141143,0.4608156955722872,0.7526781955146438,0.47508946245959,180.0,180.0,0.0,1,0,0,0,0,0,0
0.1000000000003638,0.1000000000003638,0.015305362562739289,0.0016982477821101405,0.1997082434885744,0.39356591147288494,0.2239859052096358,0.7257198890270062,0.40694558917601037,180.0,180.0,0.0,1,0,0,0,0,0,0
0.0,-0.1000000000003638,0.0,0.015305362562739289,0.1997082434885744,0.5106311889296531,0.1771498582428898,0.7053514258090863,0.34821002140667384,180.0,180.0,0.0,1,0,0,0,0,0,0
0.0,0.0,0.0,0.0,0.008868524988217866,0.5106311889296531,0.1771498582428898,0.6852167854805548,0.26852545278959056,180.0,180.0,0.0,1,0,0,0,0,0,0
0.0,0.0,0.0,0.0,0.008868524988217866,0.5106311889296531,0.1771498582428898,0.665334310124095,0.21062888048573253,180.0,180.0,0.0,1,0,0,0,0,0,0
0.0,0.0,0.0,0.0,0.006844766222092314,0.5106311889296531,0.14247200748576985,0.6458215128782135,0.15235398971901598,180.0,180.0,0.0,1,0,0,0,0,0,0
3.605551275463989,3.605551275463989,0.11038478702935749,0.11038478702935749,0.04936557749589608,0.391279570106645,0.14276385145347759,0.6206852187815752,0.13124297208246888,180.0,180.0,0.0,1,0,0,0,0,0,0
0.2000000000007276,-3.4055512754632615,0.1099419043676999,0.0004428826616575815,0.06033915261900487,0.4037563021684036,0.1418864437719615,0.5963027357675108,0.11980429661860321,180.0,180.0,0.0,1,0,0,0,0,1,0
1.2369316876858276,1.0369316876851,1.237235454226535,1.127293549858835,0.5315369486375532,0.3787891378058201,0.38493511352827814,0.5711890803831137,0.14977791414954048,180.0,180.0,0.0,1,0,0,0,0,0,0
0.0,-1.2369316876858276,0.0,1.237235454226535,0.5315369486375532,0.3787891378058201,0.38493511352827814,0.5467794872992839,0.1797515316804777,180.0,180.0,0.0,1,0,0,0,0,0,0
0.0,0.0,0.0,0.0,0.5315369486375532,0.4983421529727505,0.38561984405985616,0.5292718492326255,0.21283138792032377,180.0,180.0,0.0,1,0,0,0,0,0,0
0.1000000000003638,0.1000000000003638,0.0,0.0,0.5431071313353721,0.6291931896811268,0.3862317743852732,0.5198932104037034,0.24717127670500352,180.0,180.0,0.0,1,0,0,0,0,1,0
0.0,-0.1000000000003638,0.0,0.0,0.5533085159646723,0.6401531434098757,0.3862317743852732,0.513383675040262,0.2825313039526133,180.0,180.0,0.0,1,0,0,0,0,0,0
0.0,0.0,0.0,0.0,0.0,0.0,0.0,0.0,0.0,180.0,180.0,0.0,1,0,0,0,0,0,0
0.14142135623782398,0.14142135623782398,0.0,0.0,0.0,0.0,0.0,0.0,0.0,180.0,180.0,0.0,1,0,0,0,0,1,0
0.0,-0.14142135623782398,0.0,0.0,0.0,0.0,0.0,0.0,0.0,180.0,180.0,0.0,1,0,0,0,0,0,0
0.0,0.0,0.0,0.0,0.0,0.0,0.0,0.0,0.0,180.0,180.0,0.0,1,0,0,0,0,0,0
0.0,0.0,0.0,0.0,0.0,0.0,0.0,0.0,0.0,180.0,180.0,0.0,1,0,0,0,0,0,0
0.0,0.0,0.0,0.0,0.0,0.0,0.0,0.0,0.0,180.0,180.0,0.0,1,0,0,0,0,0,0
0.0,0.0,0.0,0.0,0.0,0.0,0.0,0.0,0.0,180.0,180.0,0.0,1,0,0,0,0,0,0
0.0,0.0,0.0,0.0,0.0,0.0,0.0,0.0,0.0,180.0,180.0,0.0,1,0,0,0,0,0,0
0.0,0.0,0.0,0.0,0.0,0.0,0.0,0.0,0.0,180.0,180.0,0.0,1,0,0,0,0,0,0
0.0,0.0,0.0,0.0,0.0,0.0,0.0,0.0,0.0,180.0,180.0,0.0,1,0,0,0,0,0,0
0.0,0.0,0.0,0.0,0.0,0.0,0.0,0.0,0.0,180.0,180.0,0.0,1,0,0,0,0,0,0
0.0,0.0,0.0,0.0,0.0,0.0,0.0,0.0,0.0,180.0,180.0,0.0,1,0,0,0,0,0,0
