vel_posicao,acel_linear,vel_rotacao,jitter_mira,entropia_mov,eficiencia_trajeto,var_camera_durante_corrida,eficiencia_mean_20s,entropia_mean_10s,travado_min_5s,travado_em_player,distancia_alvo,tem_visao,alvo_encontrado,alvo_eh_dummy,alvo_na_mira,mirando_dummy,alvo_oculto_na_mira,dummy_oculto_na_mira,amostras_ocultas_5s,wallhack_suspeito,wallhack_dummy_suspeito,mirando_dummy_servidor,wallhack_instantaneo_servidor,perseguindo_player,mirando,alerta_speedhack,alerta_aimbot,alerta_lockon,esp_oculto_longa_distancia
0.0,0.0,0.0,0.0,0.0,0.0,0.0,0.0,0.0,48.2214,48.2214,4.50309,0,1,1,0,0,0,0,0.0,0,0,0,0,0,0,0,0,0,0
0.0,0.0,0.0,0.0,0.0,0.0,0.0,0.0,0.0,27.206,27.206,3.07863,0,1,1,0,0,0,0,0.0,0,0,0,0,0,0,0,0,0,0
0.0,0.0,0.0,0.0,0.0,0.0,0.0,0.0,0.0,27.2006,27.2006,3.08431,0,1,1,0,0,0,0,0.0,0,0,0,0,0,0,0,0,0,0
0.0,0.0,1.3331905356050266,1.3331905356050266,0.6665952678025133,0.0,0.6665952678025133,0.0,0.16664881695062833,27.2006,82.2598,4.00171,0,1,1,0,0,0,0,0.0,0,0,0,0,0,0,0,0,0,0
0.0,0.0,0.008665787963972363,1.3245247476410542,0.5952638955722563,0.0,0.5952638955722563,0.0,0.2523718326749539,27.2006,81.9844,4.00539,0,1,1,0,0,0,0,0.0,0,0,0,0,0,0,0,0,0,0
0.0,0.0,0.0026927907929150605,0.005972997171057303,0.5949615296478897,0.0,0.5433557394086383,0.0,0.30947011550377657,27.2006,81.9372,4.00825,0,1,1,0,0,0,0,0.0,0,0,0,0,0,0,0,0,0,0
0.0,0.0,0.0010735768094862672,0.0016192139834287932,0.5948404026287645,0.0,0.5031250696441374,0.0,0.35023729937877485,27.2006,81.8617,4.00439,0,1,1,0,0,0,0,0.0,0,0,0,0,0,0,0,0,0,0
0.0,0.0,0.015375144916036261,0.014301568106549993,0.5931386593604245,0.0,0.46998138415247415,0.0,0.38059996937648105,81.8617,82.6468,4.00963,0,1,1,0,0,0,0,0.0,0,0,0,0,0,0,0,0,0,0
0.5336809515521779,0.523730080031578,0.47126805665797594,0.4558929117419397,0.20772471774976034,0.0,0.45094185414812776,0.0,0.3613916080846232,81.8617,103.013,3.9885,0,1,1,0,0,0,0,0.0,0,0,0,0,0,0,0,0,0,0
0.017248255234299417,-0.5148880322212149,2.173595127606741,1.702327070948765,0.9390779991374542,0.0,0.7542202748845793,0.0,0.41916024718990624,81.8617,122.399,4.08847,0,1,1,0,0,0,0,0.0,0,0,0,0,0,0,0,0,0,0
0.5769740816425205,0.5574958430360768,1.132490077386917,1.0411050502198238,0.9152587045741275,0.0,0.7721970699731893,0.0,0.510686117647319,75.8927,75.8927,4.18325,0,1,1,0,0,0,0,0.0,0,0,0,0,0,0,0,0,0,0
3.0190193391818028,2.429895778646052,1.1218786882135021,0.010611389173414976,0.8150642217481892,0.0,0.7707445266331847,0.0,0.5921925398221379,7.05866,7.05866,5.6569,0,1,1,0,0,0,0,0.0,0,0,0,0,0,0,0,0,0,0
1.0466511122377509,-1.9802893844819798,0.5453839554298529,0.5764947327836493,0.6812543787073043,0.0,0.740216007847174,0.0,0.6603179776928684,7.05866,16.1597,5.93867,0,1,1,0,0,0,0,0.0,0,0,0,0,0,0,0,0,0,0
2.8255809905408276,1.7683199585517662,1.4309400385093014,0.8855560830794486,0.5932355623112016,0.0,0.7503677221109306,0.0,0.6529820071437371,7.05866,75.646,3.78106,1,1,1,0,0,0,0,0.0,0,0,0,0,0,0,0,0,0,0
1.4269752262170863,-1.4042226549435153,0.716121409333365,0.7148186291759364,0.3552514629561641,0.0,0.7112903978117111,0.0,0.6289807638821279,7.05866,93.4939,3.10804,1,1,1,0,0,0,0,0.0,0,0,0,0,0,0,0,0,0,0
0.22227318102370194,-1.197516943532191,0.8260679762735578,0.10994656694019278,0.3507902897537405,0.0,0.6595184077823889,0.0,0.604563639892713,7.05866,42.8384,3.16552,1,1,1,0,0,0,0,0.0,0,0,0,0,0,0,0,0,0,0
0.424264115851349,0.20199093482764705,0.06820229037791306,0.7578656858956447,0.4929495207464814,0.0,0.6502687671633759,0.0,0.5943745517044847,16.1597,53.8347,3.22233,1,1,1,0,0,0,0,0.0,0,0,0,0,0,0,0,0,0,0
0.14099850215265158,-0.28241835862282894,0.3225732852937822,0.2543709949158691,0.5216179817207421,0.0,0.6126179865207633,0.0,0.5872224839405166,36.8296,36.8296,3.3627,1,1,1,0,0,0,0,0.0,0,0,0,0,0,0,0,0,0,0
0.0,-0.14071706801661835,0.593034996980776,0.2704617116869938,0.30800917232568353,0.0,0.6047317179676326,0.0,0.5972509293981088,36.8296,70.7135,3.32157,1,1,1,0,0,0,0,0.0,0,0,0,0,0,0,0,0,0,0
0.0,0.0,0.0010061243705705132,0.5920288726102055,0.3488997843782797,0.0,0.4684660578252988,0.0,0.5382331079221914,36.8296,70.9841,3.31792,1,1,1,0,0,0,0,0.0,0,0,0,0,0,0,0,0,0,0
0.0,0.0,0.004123596966855331,0.003117472596284818,0.2572999318717534,0.2935677080316951,0.48193341344162466,0.014678385401584754,0.47243723065195403,36.8296,70.8825,3.31475,1,1,1,0,0,0,0,0.0,0,0,0,0,0,0,0,0,0,0
0.0,0.0,0.0016274714520127403,0.002496125514842591,0.2672139045375109,0.2935677080316951,0.4675570314843977,0.029356770803169507,0.4176521989308862,36.8296,71.0497,3.3209,1,1,1,0,0,0,0,0.0,0,0,0,0,0,0,0,0,0,0
0.0,0.0,0.0006317752859329184,0.000995696166079822,0.2643907072037392,0.2935677080316951,0.48667052539254163,0.04403515620475426,0.3759658317805296,70.7135,70.95,3.322,1,1,1,0,0,0,0,0.0,0,0,0,0,0,0,0,0,0,0
0.0,0.0,0.0026282975516656727,0.001996522265732754,0.0014056108480947377,0.2935677080316951,0.33541075893381017,0.058713541606339015,0.31678283663421897,70.8825,70.9114,3.32012,1,1,1,0,0,0,0,0.0,0,0,0,0,0,0,0,0,0,0
0.0,0.0,0.005233611853206119,0.002605314301540446,0.0018552559192405215,0.2935677080316951,0.2999499043981014,0.07339192700792377,0.28144321593052657,70.8825,70.9572,3.31793,1,1,1,0,0,0,0,0.0,0,0,0,0,0,0,0,0,0,0
0.0,0.0,0.0018565536796079382,0.0033770581735981806,0.001739262015681973,0.2935677080316951,0.20007518280791622,0.08807031240950852,0.24653811315672075,70.7265,70.7265,3.31971,1,1,1,0,0,0,0,0.0,0,0,0,0,0,0,0,0,0,0
0.0,0.0,0.1305279509904418,0.12867139731083385,0.05724150092999032,0.2935677080316951,0.19994212457029928,0.10274869781109328,0.20296731117507166,70.7265,78.7834,3.32997,1,1,1,0,0,0,0,0.0,0,0,0,0,0,0,0,0,0,0
1.2689855010478472,1.265189931254085,0.47009310773142504,0.33956515674098325,0.20221273141373186,0.3418460437231697,0.22190577856192006,0.11984099999725176,0.1710267861443706,70.7265,81.8922,3.29996,1,1,1,0,0,0,0,0.0,0,0,0,0,0,0,0,0,0,0
0.0,-1.2689855010478472,0.014896653377517917,0.4551964543539071,0.20046802103756087,0.37486023973052957,0.14843043211251586,0.13858401198377823,0.16027267101555834,70.7265,82.3371,3.36029,1,1,1,0,0,0,0,0.0,0,0,0,0,0,0,0,0,0,0
0.0,0.0,0.0008654997229738015,0.014031153654544116,0.20112626665850558,0.3754507725286714,0.14843699222885118,0.1573565506102118,0.14549531924358095,70.7265,82.2934,3.3638,1,1,1,0,0,0,0,0.0,0,0,0,0,0,0,0,0,0,0
1.3205772607547632,1.3258807838903246,0.609243893974085,0.6083783942511112,0.2779359175916663,0.31587529688433214,0.22516662544147942,0.1731503154544284,0.14755891781557223,78.7834,134.696,3.89406,1,1,1,0,0,0,0,0.0,0,0,0,0,0,0,0,0,0,0
0.20060183049037816,-1.1233454666643783,0.19031404946651137,0.4189298445075736,0.2730157174658778,0.5445235607478077,0.22167361535083416,0.2003764934918188,0.14813909910840892,81.8922,123.358,3.99305,1,1,1,0,0,0,0,0.0,0,0,0,0,0,0,0,0,0,0
0.09960159362586035,-0.10059784548258746,0.566896790413305,0.3765827409467936,0.2944857745312992,0.5627349656743486,0.25166708769748286,0.22851324177553622,0.15114860584116493,82.2934,155.283,4.03933,1,1,1,0,0,0,0,0.0,0,0,0,0,0,0,0,0,0,0
0.0,-0.09920477452774935,0.003546765222298514,0.5633500251910065,0.2970385470372225,0.3425271162100122,0.25158750957773823,0.24563959758603682,0.18071189946007768,82.2934,155.406,4.03705,1,1,1,0,0,0,0,0.0,0,0,0,0,0,0,0,0,0,0
0.0,0.0,0.003469599973475343,7.716524882317097e-05,0.296441215265577,0.21923918762721942,0.2517393082160162,0.2566015569673978,0.21017049539471136,123.358,155.407,4.03399,1,1,1,0,0,0,0,0.0,0,0,0,0,0,0,0,0,0,0
0.0,0.0,0.0013817474719929387,0.0020878525014824045,0.24514614093160936,0.24568149837512798,0.2517807001995047,0.2688856318861542,0.23451118328630405,123.358,155.453,4.03717,1,1,1,0,0,0,0,0.0,0,0,0,0,0,0,0,0,0,0
0.0,0.0,0.0013190588528760247,6.268861911691397e-05,0.2524398470781337,0.3131475494442333,0.25890656188820305,0.28454300935836585,0.25403101790111837,155.283,155.455,4.03917,1,1,1,0,0,0,0,0.0,0,0,0,0,0,0,0,0,0,0
0.0,0.0,0.0023118874236574376,0.0009928285707814129,0.0010807383465674999,0.28552498630766643,0.24372881696886714,0.2988192586737492,0.23391781859440203,155.406,155.458,4.03738,1,1,1,0,0,0,0,0.0,0,0,0,0,0,0,0,0,0,0
0.0,0.0,0.0015109816929031164,0.0008009057307543212,0.000914063009672963,0.28552498630766643,0.24452417850194386,0.31309550798913255,0.2139624227916132,155.407,155.527,4.03249,1,1,1,0,0,0,0,0.0,0,0,0,0,0,0,0,0,0,0
0.0,0.0,0.0010186536348029288,0.0004923280581001876,0.0004840818936809151,0.28552498630766643,0.24451463356293845,0.32737175730451584,0.19389820431513075,155.19,155.19,4.03934,1,1,1,0,0,0,0,0.0,0,0,0,0,0,0,0,0,0,0
0.0,0.0,0.003691966164897544,0.0026733125300946155,0.001074887816909163,0.28552498630766643,0.1818142878893126,0.3269696212183144,0.16621210133765502,155.19,155.411,4.03272,1,1,1,0,0,0,0,0.0,0,0,0,0,0,0,0,0,0,0
0.0,0.0,0.003960093393240847,0.00026812722834330255,0.0013000556166337693,0.28552498630766643,0.17849165757676594,0.326567485132113,0.1390405351527306,155.19,155.373,4.03536,1,1,1,0,0,0,0,0.0,0,0,0,0,0,0,0,0,0,0
0.0,0.0,0.0006823056202414095,0.003277787772999437,0.0015406098070832668,0.28552498630766643,0.0012605832830185244,0.32616534904591155,0.109746018680309,155.19,155.422,4.03759,1,1,1,0,0,0,0,0.0,0,0,0,0,0,0,0,0,0,0
0.0,0.0,0.004477492649447455,0.003795187029206045,0.0017753507397096147,0.28552498630766643,0.0013913208666528102,0.32576321295971006,0.08021969905055773,155.19,155.619,4.03473,1,1,1,0,0,0,0,0.0,0,0,0,0,0,0,0,0,0,0
0.0,0.0,0.004415607319650299,6.188532979715597e-05,0.00157852083860811,0.28552498630766643,0.001501274989296627,0.3253610768735086,0.05073342960786085,155.35,155.35,4.04353,1,1,1,0,0,0,0,0.0,0,0,0,0,0,0,0,0,0,0
0.0,0.0,0.0010372736419817386,0.00337833367766856,0.001890516152096927,0.28552498630766643,0.0015328184943063893,0.32495894078730725,0.026407867129909595,155.35,155.52,4.0326,1,1,1,0,0,0,0,0.0,0,0,0,0,0,0,0,0,0,0
0.0,0.0,0.002958423069584622,0.0019211494276028833,0.0018030744245541277,0.28552498630766643,0.001486270234108493,0.3245568047011058,0.0013441898645516356,155.269,155.269,4.0355,1,1,1,0,0,0,0,0.0,0,0,0,0,0,0,0,0,0,0
0.0,0.0,0.0021863756962832988,0.0007720473733013231,0.0014749412141847418,0.6837983883093129,0.0014895606176624002,0.34165442193041295,0.0013836101513133598,155.269,155.333,4.03781,1,1,1,0,0,0,0,0.0,0,0,0,0,0,0,0,0,0,0
0.0,0.0,0.001157693259441492,0.0010286824368418068,0.0013971869260067194,0.6837983883093129,0.0015219368576765981,0.3571013293593521,0.0014319225429467353,155.269,155.482,4.03292,1,1,1,0,0,0,0,0.0,0,0,0,0,0,0,0,0,0,0
0.0,0.0,0.0033127627279526417,0.00215506946851115,0.0010280832511653476,0.6837983883093129,0.0014344070461061362,0.3725187101483842,0.0014863226786951786,155.269,155.475,4.03473,1,1,1,0,0,0,0,0.0,0,0,0,0,0,0,0,0,0,0
0.0,0.0,0.004463715877355098,0.0011509531494024567,0.0012377835987610857,0.7453559303860358,0.001507353172301388,0.3939927418234694,0.0015026122568803709,155.269,155.482,4.03939,1,1,1,0,0,0,0,0.0,0,0,0,0,0,0,0,0,0,0
0.0,0.0,0.0022346447573766757,0.0022290711199784226,0.001259072427790113,1.0,0.001466288767465522,0.416766563786079,0.0014985139379960054,155.333,155.415,4.03823,1,1,1,0,0,0,0,0.0,0,0,0,0,0,0,0,0,0,0
0.0,0.0,0.0003887793652632964,0.0018458653921133794,0.0016331405017662789,0.0,0.0015131913406063494,0.3886298155023616,0.0015077670074643067,155.415,155.498,4.03249,1,1,1,0,0,0,0,0.0,0,0,0,0,0,0,0,0,0,0
0.0,0.0,0.0013465866050285352,0.0009578072397652388,0.0016016582085078045,0.0,0.001416951703990135,0.371503459691861,0.0014903977543441257,155.293,155.293,4.03623,1,1,1,0,0,0,0,0.0,0,0,0,0,0,0,0,0,0,0
0.0,0.0,0.0017738293115538237,0.00042724270652528856,0.0015157895940953491,0.0,0.0012219334910501896,0.36054150031050003,0.0014841246298928495,155.293,155.405,4.03432,1,1,1,0,0,0,0,0.0,0,0,0,0,0,0,0,0,0,0
0.0,0.0,0.0179535508556204,0.016179721544066578,0.00741824227461066,0.0,0.005115348446536528,0.3482574253917436,0.002036897242144223,154.555,154.555,4.03113,1,1,1,0,0,0,0,0.0,0,0,0,0,0,0,0,0,0,0
0.0,0.0,0.015935677486813467,0.002017873368806933,0.008684156589441008,0.0,0.006375361021192496,0.33260004791953196,0.0027250054586329107,153.58,153.58,4.03222,1,1,1,0,0,0,0,0.0,0,0,0,0,0,0,0,0,0,0
0.0,0.0,0.0033448341720060185,0.012590843314807448,0.008165884841083318,0.0,0.0063273773432188435,0.3183237986041486,0.0033940998213227687,153.58,153.772,4.02884,1,1,1,0,0,0,0,0.0,0,0,0,0,0,0,0,0,0,0
0.0,0.0,0.11561914851542718,0.11227431434342117,0.04789700766706985,0.0,0.035321129646511844,0.30404754928876526,0.008044081895429081,153.58,157.553,3.99734,1,1,1,0,0,0,0,0.0,0,0,0,0,0,0,0,0,0,0
0.0,0.0,0.19253113270713082,0.07691198419170364,0.08240967677725083,0.0,0.06532734469820113,0.28977129997338197,0.01618224124803763,151.309,151.309,4.0535,1,1,1,0,0,0,0,0.0,0,0,0,0,0,0,0,0,0,0
0.0,0.0,0.010972033922766944,0.18155909878436388,0.08354377473534609,0.0,0.06501480310153761,0.2754950506579986,0.02441284036169613,151.266,151.266,4.04941,1,1,1,0,0,0,0,0.0,0,0,0,0,0,0,0,0,0,0
0.0,0.0,0.0030822021986398737,0.00788983172412707,0.08570388253291665,0.0,0.06496612446500834,0.2612188013426153,0.03285732137220878,151.161,151.161,4.06148,1,1,1,0,0,0,0,0.0,0,0,0,0,0,0,0,0,0,0
0.0,0.0,0.1922036128264075,0.18912141062776763,0.09298520577243367,0.0,0.07980838659902761,0.246942552027232,0.041992527899275524,151.161,154.025,4.06559,1,1,1,0,0,0,0,0.0,0,0,0,0,0,0,0,0,0,0
0.0,0.0,0.1876799034993057,0.004523709327101805,0.1007161194527785,0.0,0.08717809239168359,0.23266630271184868,0.051903974023702594,151.161,151.168,4.05318,1,1,1,0,0,0,0,0.0,0,0,0,0,0,0,0,0,0,0
0.0,0.0,0.006152481560815437,0.18152742193849025,0.10039829981065393,0.0,0.08678451421553393,0.2183900533964654,0.06179222504535845,151.134,151.134,4.05783,1,1,1,0,0,0,0,0.0,0,0,0,0,0,0,0,0,0,0
0.0,0.0,0.003237837291804249,0.002914644269011188,0.10177814050408673,0.0,0.08796748365106896,0.20411380408108207,0.07122821486830606,151.134,151.218,4.05302,1,1,1,0,0,0,0,0.0,0,0,0,0,0,0,0,0,0,0
0.0,0.0,0.014987130585322984,0.011749293293518735,0.09969144895108362,0.0,0.0880364278911332,0.18983755476569875,0.08032894410447032,151.134,151.662,4.04298,1,1,1,0,0,0,0,0.0,0,0,0,0,0,0,0,0,0,0
0.0,0.0,0.024772061120775124,0.00978493053545214,0.0788871307944669,0.0,0.08639875639148549,0.1556476353502331,0.08740106869980868,151.134,151.512,4.04105,1,1,1,0,0,0,0,0.0,0,0,0,0,0,0,0,0,0,0
0.0,0.0,0.06716828842405889,0.04239622730328377,0.025943296883858078,0.0,0.08522608486069518,0.12145771593476744,0.0852056976214875,151.134,152.795,3.97265,1,1,1,0,0,0,0,0.0,0,0,0,0,0,0,0,0,0,0
0.0,0.0,0.04007561802211071,0.027092670401948182,0.024758428255502812,0.0,0.07379676347728074,0.08726779651930179,0.0794405727693127,151.218,151.656,3.96246,1,1,1,0,0,0,0,0.0,0,0,0,0,0,0,0,0,0,0
0.0,0.0,0.09704727114290072,0.056971653120790014,0.03339895024805177,0.0,0.07310310539617887,0.05,0.07442609032058325,151.422,151.422,4.0429,1,1,1,0,0,0,0,0.0,0,0,0,0,0,0,0,0,0,0
0.0,0.0,0.04365571648248432,0.0533915546604164,0.028196444170707505,0.0,0.07044621895528744,0.0,0.06867534648436235,151.422,152.309,4.03399,1,1,1,0,0,0,0,0.0,0,0,0,0,0,0,0,0,0,0
0.0,0.0,0.016717483318092027,0.026938233164392294,0.03046168193089434,0.0,0.056452391350327875,0.0,0.06242299410020842,151.422,153.601,4.01676,1,1,1,0,0,0,0,0.0,0,0,0,0,0,0,0,0,0,0
0.0,0.0,0.03873087379261856,0.022013390474526533,0.029786611187639936,0.0,0.029209983439307384,0.0,0.05533004327369456,151.31,151.31,4.05115,1,1,1,0,0,0,0,0.0,0,0,0,0,0,0,0,0,0,0
0.0,0.0,0.23019936181812733,0.19146848802550878,0.08622689608922769,0.0,0.06651306478655994,0.0,0.05391290290155194,138.194,138.194,4.02128,1,1,1,0,0,0,0,0.0,0,0,0,0,0,0,0,0,0,0
0.0,0.0,0.09847697459996,0.13172238721816734,0.08627806975816658,0.0,0.06464712211659433,0.0,0.052362895826959924,138.194,143.028,4.06215,1,1,1,0,0,0,0,0.0,0,0,0,0,0,0,0,0,0,0
0.0,0.0,0.006097436462061683,0.09237953813789831,0.0922652861665122,0.0,0.06550011839668086,0.0,0.051620279548502776,138.194,142.864,4.05969,1,1,1,0,0,0,0,0.0,0,0,0,0,0,0,0,0,0,0
0.0,0.0,0.010845616758327731,0.0047481802962660484,0.09327288248325659,0.0,0.06661952485147679,0.0,0.053058854717381754,138.194,142.954,4.05114,1,1,1,0,0,0,0,0.0,0,0,0,0,0,0,0,0,0,0
0.0,0.0,0.09112701905631795,0.08028140229799022,0.09082801790009884,0.0,0.06713890161174779,0.0,0.05954732681900582,138.194,148.093,4.06165,1,1,1,0,0,0,0,0.0,0,0,0,0,0,0,0,0,0,0
0.0,0.0,0.09815399163667961,0.007026972580361654,0.0480164444818665,0.0,0.06703439446607057,0.0,0.0618731284416422,142.864,153.878,4.05056,1,1,1,0,0,0,0,0.0,0,0,0,0,0,0,0,0,0,0
0.0,0.0,0.0023725721436319465,0.09578141949304766,0.048467163096001915,0.0,0.06990154787314963,0.0,0.0633799497264372,142.864,153.662,4.05757,1,1,1,0,0,0,0,0.0,0,0,0,0,0,0,0,0,0,0
0.0,0.0,0.04091754421913103,0.03854497207549909,0.044400167141756486,0.0,0.06999382007281228,0.0,0.06500032202354211,142.954,156.603,4.02052,1,1,1,0,0,0,0,0.0,0,0,0,0,0,0,0,0,0,0
0.0,0.0,0.0058278451199365545,0.03508969909919448,0.04551198740898389,0.0,0.07087929047214638,0.0,0.06650535257135107,148.093,156.314,4.03128,1,1,1,0,0,0,0,0.0,0,0,0,0,0,0,0,0,0,0
0.0,0.0,0.03731167591505853,0.03148383079512198,0.038490201072945304,0.0,0.07093307048963536,0.0,0.0673757115598816,153.662,153.863,4.0607,1,1,1,0,0,0,0,0.0,0,0,0,0,0,0,0,0,0,0
0.0,0.0,0.006670572536678326,0.030641103378380205,0.018821305625767018,0.0,0.04098342891419197,0.0,0.06063515251353554,153.662,153.754,4.0513,1,1,1,0,0,0,0,0.0,0,0,0,0,0,0,0,0,0,0
0.0,0.0,0.46772646948076596,0.46105589694408766,0.19971149138724412,0.0,0.14188219204648064,0.0,0.07197849467644328,127.425,127.425,4.05841,1,1,1,0,0,0,0,0.0,0,0,0,0,0,0,0,0,0,0
0.0,0.0,0.5478265240714935,0.0801000545907275,0.27081029832903747,0.0,0.20242912318503373,0.0,0.0898329958926958,127.425,157.355,4.06081,1,1,1,0,0,0,0,0.0,0,0,0,0,0,0,0,0,0,0
0.0,0.0,0.08171828758684678,0.46610823648464667,0.2581203998099383,0.0,0.19897084162938725,0.0,0.10631774762536397,127.425,153.52,4.06229,1,1,1,0,0,0,0,0.0,0,0,0,0,0,0,0,0,0,0
0.0,0.0,0.0033095904969741552,0.07840869708987262,0.2647707154586853,0.0,0.2031615938884804,0.0,0.12371201738122264,127.425,153.833,4.05455,1,1,1,0,0,0,0,0.0,0,0,0,0,0,0,0,0,0,0
0.0,0.0,0.007075421961465408,0.003765831464491253,0.264688662059439,0.0,0.20671766095675279,0.0,0.14537923913897988,127.425,153.531,4.06094,1,1,1,0,0,0,0,0.0,0,0,0,0,0,0,0,0,0,0
1.200557888022461,1.1969669870612774,0.8239646160914618,0.8168891941299964,0.3732201415196539,0.9999999137931144,0.29789894538680145,0.04999999568965572,0.17785453698134507,108.847,108.847,2.64972,1,1,1,0,0,0,0,0.0,0,0,0,0,0,0,0,0,0,0
3.0675724343522663,1.8670145463298053,0.07629517101973217,0.7476694450717296,0.35161080609562106,0.9843218657501545,0.29597417428189055,0.09921608897716344,0.20857560087673152,108.847,157.701,1.59979,1,1,1,0,0,0,0,0.0,0,0,0,0,0,0,0,0,0,0
1.170470008159333,-1.8971024261929332,0.9965414475738167,0.9202462765540845,0.487448109328256,0.9869570436111905,0.3764737696521183,0.14856394115772295,0.25276921306865874,83.4994,83.4994,2.37934,1,1,1,0,0,0,0,0.0,0,0,0,0,0,0,0,0,0,0
0.0,-1.1716416498091422,0.2498350754778905,0.7467063720959262,0.45072338522123157,0.9869570436111905,0.3655328409664655,0.1979117933382825,0.29399253148348736,69.334,69.334,2.35998,1,1,1,0,0,0,0,0.0,0,0,0,0,0,0,0,0,0,0
0.0,0.0,0.0004409201968450285,0.24939415528104547,0.45228949002491925,0.9869570436111905,0.366142514878994,0.247259645518842,0.33733934992340264,69.334,69.3861,2.35238,1,1,1,0,0,0,0,0.0,0,0,0,0,0,0,0,0,0,0
3.4140480884949898,3.3802456321732572,0.7270068298456411,0.7265659096487961,0.43280323266425663,0.747808321852212,0.3859783563999333,0.2846500616114526,0.3606485240511038,50.7779,50.7779,5.56487,0,1,1,0,0,0,0,0.0,0,0,0,0,0,0,0,0,0,0
2.047799122046357,-1.3717359100889888,1.4682230467392046,0.7412162168935634,0.5852761124687406,0.6897741779730194,0.52332361255744,0.3191387705101036,0.39209510546507415,50.7779,142.653,7.23275,0,1,1,0,0,0,0,0.0,0,0,0,0,0,0,0,0,0,0
0.8039497569573194,-1.2401289781545741,0.16261501144215262,1.3056080352970518,0.5942685289736732,0.6631249376103777,0.5177058272092375,0.35229501739062247,0.42570991838144767,50.7779,137.335,7.82684,0,1,1,0,0,0,0,0.0,0,0,0,0,0,0,0,0,0,0
0.0,-0.8039497569573194,0.00910840736295196,0.15350660407920066,0.630443013019662,0.6631249376103777,0.5171509419648572,0.38545126427114135,0.46227714813754534,50.7779,137.265,7.84387,0,1,1,0,0,0,0,0.0,0,0,0,0,0,0,0,0,0,0
0.0,0.0,1.9429420460196032,1.9338336386566513,0.8322752961099276,0.6631249376103777,0.6713808344131751,0.4186075111516603,0.5190358115425941,50.7779,111.856,7.78787,0,1,1,0,0,0,0,0.0,0,0,0,0,0,0,0,0,0,0
2.5105385467634904,2.5130515983618524,2.649720535320949,0.706778489301346,1.1411797758501232,0.4766577563436439,0.9254285255902064,0.44244039896884246,0.5958317749756411,84.7015,84.7015,5.77184,0,1,1,0,0,0,0,0.0,0,0,0,0,0,0,0,0,0,0
0.3594767112803652,-2.144627951628241,0.08286555891554842,2.5668549764054007,1.2379687475875076,0.4425194497494302,0.9248374563922027,0.4645663714563139,0.6844675691248298,84.7015,87.4783,5.44342,0,1,1,0,0,0,0,0.0,0,0,0,0,0,0,0,0,0,0
0.0,-0.35733271499042263,0.004332265931222671,0.07853329298432575,1.265476731815933,0.4425194497494302,0.957504777121809,0.48669234394378547,0.7622704313735975,84.7015,87.3211,5.4446,0,1,1,0,0,0,0,0.0,0,0,0,0,0,0,0,0,0,0
0.0,0.0,0.012977140009307208,0.008644874078084536,1.2647679370184004,0.4425194497494302,0.9734905111155502,0.508818316431257,0.8436748865533144,84.7015,87.5106,5.44204,0,1,1,0,0,0,0,0.0,0,0,0,0,0,0,0,0,0,0
0.0,0.0,0.0036323373841234074,0.0093448026251838,1.1738508076281327,0.4425194497494302,0.9732339863134363,0.5309442889187285,0.9158310183136356,84.7015,87.4423,5.42905,0,1,1,0,0,0,0,0.0,0,0,0,0,0,0,0,0,0,0
0.0,0.0,0.0007116058256851112,0.0029207315584382962,0.03493828621431196,0.4425194497494302,0.9982983707601181,0.5530702614062,0.8760445236686414,87.3211,87.3316,5.4509,0,1,1,0,0,0,0,0.0,0,0,0,0,0,0,0,0,0,0
0.0,0.0,0.006968959647474872,0.006257353821789761,0.0046258522195435125,0.4425194497494302,0.9690929813890666,0.5751962338936715,0.8179794976437215,87.3031,87.3031,5.43419,0,1,1,0,0,0,0,0.0,0,0,0,0,0,0,0,0,0,0
0.0,0.0,0.00673516663328445,0.00023379301419042178,0.004569533996720734,0.4425194497494302,0.9761291364639851,0.597322206381143,0.7590095981460262,87.3031,87.3679,5.43903,0,1,1,0,0,0,0,0.0,0,0,0,0,0,0,0,0,0,0
0.0,0.0,0.009147670455026754,0.0024125038217423043,0.0032934535971340037,0.4425194497494302,0.9761270677648735,0.6194481788686146,0.6962946422037735,87.3031,87.4959,5.44757,0,1,1,0,0,0,0,0.0,0,0,0,0,0,0,0,0,0,0
0.0,0.0,0.00754030896157992,0.0016073614934468345,0.0032203730717778145,0.4425194497494302,0.833526888834507,0.641574151356086,0.6133891498999585,87.3031,87.3177,5.44189,0,1,1,0,0,0,0,0.0,0,0,0,0,0,0,0,0,0,0
0.0,0.0,0.012788275735565215,0.005247966773985295,0.0025047919218256945,0.4295819795020138,0.024230542685735105,0.613053254641531,0.4995216515071288,87.3031,87.4274,5.44613,0,1,1,0,0,0,0,0.0,0,0,0,0,0,0,0,0,0,0
0.0,0.0,0.0014125523374762072,0.011375723398089007,0.004132832509387976,0.3627461849819511,0.0042428796705774674,0.5819744706031209,0.3761380599993168,87.3177,87.4999,5.42911,0,1,1,0,0,0,0,0.0,0,0,0,0,0,0,0,0,0,0
0.0,0.0,0.0030225813822878328,0.0016100290448116256,0.004615489506892774,0.37585204877909195,0.004340590595709786,0.5514192208615158,0.2500519357684127,87.3119,87.3119,5.44885,0,1,1,0,0,0,0,0.0,0,0,0,0,0,0,0,0,0,0
0.0,0.0,0.0032499401538748497,0.00022735877158701692,0.004613476334164621,0.37585204877909195,0.0037799309372709713,0.520863971119911,0.12403648969998918,87.309,87.309,5.43771,0,1,1,0,0,0,0,0.0,0,0,0,0,0,0,0,0,0,0
0.0,0.0,0.012707704695190447,0.009457764541315597,0.005624115381140548,0.37585204877909195,0.004326115032476666,0.490308721378306,0.007213820475289965,87.309,87.3519,5.43556,0,1,1,0,0,0,0,0.0,0,0,0,0,0,0,0,0,0,0
0.0,0.0,0.012550608685660086,0.00015709600953036154,0.005559757134165843,0.03912936151204307,0.004206068801000663,0.4548747733612976,0.004275967567275352,87.309,87.4594,5.451,0,1,1,0,0,0,0,0.0,0,0,0,0,0,0,0,0,0,0
0.0,0.0,0.008030063052696828,0.004520545632963257,0.0047479108356649384,0.5421811800953424,0.004201415301389472,0.44749512346741377,0.004288173428887494,87.309,87.393,5.43718,0,1,1,0,0,0,0,0.0,0,0,0,0,0,0,0,0,0,0
0.0,0.0,0.011751063865972711,0.0037210008132758828,0.004054695108843932,0.9572342513067494,0.0043671227172150376,0.46220058915223233,0.004236689540099814,87.309,87.4375,5.44884,0,1,1,0,0,0,0,0.0,0,0,0,0,0,0,0,0,0,0
0.0,0.0,0.0031713808525861216,0.00857968301338659,0.004085766540491005,0.9572342513067494,0.004627251957076538,0.47690605483705095,0.004315920834435515,87.3519,87.5038,5.42849,0,1,1,0,0,0,0,0.0,0,0,0,0,0,0,0,0,0,0
0.0,0.0,0.004474772826726154,0.0013033919741400322,0.00419887232007814,0.9572342513067494,0.004733620964194125,0.4916115205218695,0.004413770759265547,87.3675,87.3675,5.44265,0,1,1,0,0,0,0,0.0,0,0,0,0,0,0,0,0,0,0
0.0,0.0,0.0005908683115384499,0.003883904515187704,0.00435879727316218,0.9999999615384637,0.0047383289308318595,0.5177786307816106,0.004599171294399195,87.3151,87.3151,5.44052,0,1,1,0,0,0,0,0.0,0,0,0,0,0,0,0,0,0,0
0.0,0.0,0.01574186088888877,0.015150992577350322,0.006344254114193941,0.0,0.005298180914251404,0.49565265829413907,0.0048203134548797915,87.3071,87.3071,5.43346,0,1,1,0,0,0,0,0.0,0,0,0,0,0,0,0,0,0,0
0.0,0.0,0.01319872200183137,0.002543138887057402,0.006633399571591676,0.0,0.005313685944403583,0.47352668580666746,0.005022104461349683,87.3071,87.4434,5.45166,0,1,1,0,0,0,0,0.0,0,0,0,0,0,0,0,0,0,0
0.0,0.0,0.006996112421991319,0.0062026095798400505,0.00622680564320089,0.0,0.005022865628886325,0.451400713319196,0.00518343739225331,87.3071,87.4334,5.43513,0,1,1,0,0,0,0,0.0,0,0,0,0,0,0,0,0,0,0
0.0,0.0,0.009596143349939445,0.002600030927948126,0.005871836580112838,0.0,0.00485584506710592,0.4292747408317245,0.005208209512150538,87.3071,87.369,5.45016,0,1,1,0,0,0,0,0.0,0,0,0,0,0,0,0,0,0,0
0.0,0.0,0.005352417371108718,0.004243725978830727,0.0042962343491449945,0.0,0.004738933680175921,0.40714876834425295,0.005081857233648453,87.3071,87.5595,5.42987,0,1,1,0,0,0,0,0.0,0,0,0,0,0,0,0,0,0,0
0.0,0.0,0.0060560782567127495,0.0007036608856040311,0.003204799235057174,0.0,0.004773453976495638,0.38502279585678145,0.004927546073587677,87.369,87.4263,5.43579,0,1,1,0,0,0,0,0.0,0,0,0,0,0,0,0,0,0,0
0.0,0.0,0.002901262804775511,0.0031548154519372386,0.0024385672670151817,0.0,0.0047578321931175584,0.3628968233693099,0.004765933289404802,87.369,87.3977,5.44472,0,1,1,0,0,0,0,0.0,0,0,0,0,0,0,0,0,0,0
0.0,0.0,0.017353514219656252,0.01445225141488074,0.0056237070208330865,0.0,0.0055936806177908195,0.34077085088183845,0.00491972733743901,87.2811,87.2811,5.4307,0,1,1,0,0,0,0,0.0,0,0,0,0,0,0,0,0,0,0
0.0,0.0,0.01133585878954364,0.006017655430112612,0.005779335401825407,0.0,0.005502454273268995,0.31864487839436695,0.005077773645613737,87.2811,87.4196,5.45023,0,1,1,0,0,0,0,0.0,0,0,0,0,0,0,0,0,0,0
0.0,0.0,0.004555947186026375,0.006779911603517264,0.005900917117585861,0.0,0.004951459435239606,0.29716577941926625,0.005231985630056105,87.2811,87.4857,5.43514,0,1,1,0,0,0,0,0.0,0,0,0,0,0,0,0,0,0,0
0.0,0.0,0.005848569110426531,0.0012926219244001561,0.0059225697838158516,0.0,0.004490157067076418,0.2790284701701687,0.005189817197018295,87.2811,87.3463,5.45012,0,1,1,0,0,0,0,0.0,0,0,0,0,0,0,0,0,0,0
0.0,0.0,0.0075941233176568465,0.0017455542072303152,0.0051557048521714615,0.0,0.004150386674880596,0.26023586773121404,0.005042047725076274,87.2811,87.5808,5.43187,0,1,1,0,0,0,0,0.0,0,0,0,0,0,0,0,0,0,0
0.0,0.0,0.005662016165250999,0.0019321071524058472,0.002657161997466801,0.0,0.004198792889784121,0.24144326529225948,0.004685083360502865,87.3463,87.4182,5.43232,0,1,1,0,0,0,0,0.0,0,0,0,0,0,0,0,0,0,0
0.0,0.0,0.002811553740864937,0.002850462424386062,0.0017635766557047904,0.0,0.004388844394182692,0.22265066285330484,0.004274257368062061,87.3463,87.3762,5.45024,0,1,1,0,0,0,0,0.0,0,0,0,0,0,0,0,0,0,0
0.0,0.0,0.01626330860135829,0.013451754860493353,0.005118569389859582,0.0,0.005224948987316418,0.22069419477770272,0.004356490872133519,87.2581,87.2581,5.42932,0,1,1,0,0,0,0,0.0,0,0,0,0,0,0,0,0,0,0
0.0,0.0,0.007861048039220582,0.008402260562137708,0.005021082526101249,0.0,0.0051798490763185325,0.19358513577293562,0.0045381192012379275,87.2581,87.4308,5.44742,0,1,1,0,0,0,0,0.0,0,0,0,0,0,0,0,0,0,0
0.0,0.0,0.00018725075852441559,0.007673797280696166,0.006150529186404208,0.0,0.005547472799671552,0.14572342320759812,0.0049093153931768305,87.2581,87.4674,5.4379,0,1,1,0,0,0,0,0.0,0,0,0,0,0,0,0,0,0,0
0.0,0.0,0.001628331393326235,0.0014410806348018196,0.006548911718191876,0.0,0.004757392473403281,0.09786171064226065,0.005001835862912708,87.2581,87.375,5.44807,0,1,1,0,0,0,0,0.0,0,0,0,0,0,0,0,0,0,0
0.0,0.0,0.010213714924284691,0.008585383530958456,0.006555159152382719,0.0,0.004639136566036584,0.04999999807692319,0.005079418237968441,87.2581,87.5871,5.43596,0,1,1,0,0,0,0,0.0,0,0,0,0,0,0,0,0,0,0
0.0,0.0,0.005730064981122087,0.004483649943162604,0.004193898448592014,0.0,0.0046058827031843965,0.0,0.004908716371069055,87.375,87.4753,5.42966,0,1,1,0,0,0,0,0.0,0,0,0,0,0,0,0,0,0,0
0.0,0.0,0.0021999741802363622,0.003530090800885725,0.00403128419369248,0.0,0.004793356026895663,0.0,0.004719587812056719,87.375,87.3904,5.45233,0,1,1,0,0,0,0,0.0,0,0,0,0,0,0,0,0,0,0
0.0,0.0,0.012569821678544622,0.010369847498308259,0.004833363013376816,0.0,0.005215162488227662,0.0,0.004687353628177253,87.2822,87.2822,5.4307,0,1,1,0,0,0,0,0.0,0,0,0,0,0,0,0,0,0,0
0.0,0.0,0.001985669042061552,0.01058415263648307,0.0047457528388990195,0.0,0.005407814650020941,0.0,0.004896212712320476,87.2822,87.3709,5.44389,0,1,1,0,0,0,0,0.0,0,0,0,0,0,0,0,0,0,0
0.0,0.0,0.004276810813285257,0.0022911417712237047,0.00432039825976234,0.0,0.005326698858563779,0.0,0.0051518948727262304,87.2822,87.4641,5.44276,0,1,1,0,0,0,0,0.0,0,0,0,0,0,0,0,0,0,0
0.0,0.0,0.0035003406939680634,0.0007764701193171933,0.004386252019383062,0.0,0.004047362562446478,0.0,0.005078663135678578,87.2822,87.3249,5.4446,0,1,1,0,0,0,0,0.0,0,0,0,0,0,0,0,0,0,0
0.0,0.0,0.013255611326840963,0.0097552706328729,0.005359413860567207,0.0,0.0047647383321535435,0.0,0.005112496269125175,87.2822,87.5638,5.44138,0,1,1,0,0,0,0,0.0,0,0,0,0,0,0,0,0,0,0
0.0,0.0,0.00516580256180051,0.008089808765040452,0.004416245884131897,0.0,0.004386686007488663,0.0,0.004939067938897942,87.3249,87.4554,5.42834,0,1,1,0,0,0,0,0.0,0,0,0,0,0,0,0,0,0,0
0.0,0.0,0.0011740875042576253,0.003991715057542885,0.004595277455491463,0.0,0.00443962257823401,0.0,0.0047437045126279016,87.3249,87.3742,5.45162,0,1,1,0,0,0,0,0.0,0,0,0,0,0,0,0,0,0,0
0.0,0.0,0.008894934191889609,0.007720846687631983,0.004755668068004649,0.0,0.004318725808058137,0.0,0.004563755404190095,87.2812,87.2812,5.43209,0,1,1,0,0,0,0,0.0,0,0,0,0,0,0,0,0,0,0
0.0,0.0,0.00396447535729241,0.004930458834597198,0.00468902707149085,0.0,0.004361205257530412,0.0,0.004613268266479979,87.2812,87.3807,5.44108,0,1,1,0,0,0,0,0.0,0,0,0,0,0,0,0,0,0,0
0.0,0.0,0.007337859751708181,0.003373384394415771,0.0029958695313081376,0.0,0.004202994108793944,0.0,0.0045097268002415435,87.2812,87.5005,5.4469,0,1,1,0,0,0,0,0.0,0,0,0,0,0,0,0,0,0,0
0.0,0.0,0.006370015404444339,0.0009678443472638425,0.0030298488484977013,0.0,0.0035707524838511596,0.0,0.004329375383753633,87.2812,87.3477,5.44327,0,1,1,0,0,0,0,0.0,0,0,0,0,0,0,0,0,0,0
0.0,0.0,0.012673606957310074,0.006303591552865735,0.0032368579957282235,0.0,0.003950538745816758,0.0,0.004178485899436553,87.2812,87.4139,5.44547,0,1,1,0,0,0,0,0.0,0,0,0,0,0,0,0,0,0,0
0.0,0.0,0.0002479813155363313,0.012425625641773743,0.00457226248144346,0.0,0.004400542484041232,0.0,0.004203672321604665,87.3477,87.4693,5.42772,0,1,1,0,0,0,0,0.0,0,0,0,0,0,0,0,0,0,0
0.0,0.0,0.0017163292239020707,0.0014683479083657395,0.004933357979376745,0.0,0.004558124231992277,0.0,0.004258382917604033,87.3171,87.3171,5.44957,0,1,1,0,0,0,0,0.0,0,0,0,0,0,0,0,0,0,0
0.0,0.0,0.0046360045109255866,0.002919675287023516,0.004852188241536663,0.0,0.0038028592234934182,0.0,0.004207660355700979,87.3082,87.3082,5.43562,0,1,1,0,0,0,0,0.0,0,0,0,0,0,0,0,0,0,0
0.0,0.0,0.010475995300021648,0.005839990789096062,0.005428054288481886,0.0,0.004149678099329874,0.0,0.004308841196135978,87.3082,87.3924,5.43698,0,1,1,0,0,0,0,0.0,0,0,0,0,0,0,0,0,0,0
0.0,0.0,0.0112389925239195,0.0007629972238978513,0.005005246589064983,0.0,0.0041373075174055704,0.0,0.00434983810949333,87.3082,87.4992,5.45033,0,1,1,0,0,0,0,0.0,0,0,0,0,0,0,0,0,0,0
0.0,0.0,0.008078107774860935,0.0031608847490585644,0.004014261052455411,0.0,0.004098257200231365,0.0,0.004275697407938406,87.3082,87.37,5.43784,0,1,1,0,0,0,0,0.0,0,0,0,0,0,0,0,0,0,0
0.0,0.0,0.012607013627944065,0.00452890585308313,0.0031331847628744192,0.0,0.004365932267336719,0.0,0.004120113177076763,87.3082,87.452,5.44746,0,1,1,0,0,0,0,0.0,0,0,0,0,0,0,0,0,0,0
0.0,0.0,0.002357543211088576,0.01024947041685549,0.004036166744557798,0.0,0.004665129521731349,0.0,0.00422414289840173,87.37,87.4877,5.42844,0,1,1,0,0,0,0,0.0,0,0,0,0,0,0,0,0,0,0
0.0,0.0,0.0035098335480706613,0.0011522903369820853,0.004548218295814843,0.0,0.0047966069296448794,0.0,0.004375979843133443,87.3521,87.3521,5.44471,0,1,1,0,0,0,0,0.0,0,0,0,0,0,0,0,0,0,0
0.0,0.0,0.0015542382039711773,0.0019555953440994842,0.004649932524534998,0.0,0.004554629068891883,0.0,0.004517287296014121,87.2948,87.2948,5.43981,0,1,1,0,0,0,0,0.0,0,0,0,0,0,0,0,0,0,0
0.0,0.0,0.015003779115278471,0.013449540911307293,0.006302556234114904,0.0,0.004982969989403395,0.0,0.004690316671281265,87.2948,87.321,5.43346,0,1,1,0,0,0,0,0.0,0,0,0,0,0,0,0,0,0,0
0.0,0.0,0.013226614874024949,0.0017771642412535218,0.00644469119157924,0.0,0.004925707500521536,0.0,0.004841449992501514,87.2948,87.4475,5.45028,0,1,1,0,0,0,0,0.0,0,0,0,0,0,0,0,0,0,0
0.0,0.0,0.007253073675802022,0.005973541198222927,0.005885953701092121,0.0,0.0047785734390018144,0.0,0.0049448265384570604,87.2948,87.4104,5.4358,0,1,1,0,0,0,0,0.0,0,0,0,0,0,0,0,0,0,0
0.0,0.0,0.010295592286046618,0.0030425186102445963,0.0053148485533363,0.0,0.00477074683439205,0.0,0.004933505964942501,87.2948,87.3811,5.44879,0,1,1,0,0,0,0,0.0,0,0,0,0,0,0,0,0,0,0
0.0,0.0,0.004586402012741478,0.00570919027330514,0.004253297505714723,0.0,0.004811961198023106,0.0,0.004858311056607475,87.321,87.5323,5.42916,0,1,1,0,0,0,0,0.0,0,0,0,0,0,0,0,0,0,0
0.0,0.0,0.006022087149496072,0.0014356851367545945,0.003475880194299892,0.0,0.004844811808418874,0.0,0.004804472970791924,87.3811,87.4247,5.43779,0,1,1,0,0,0,0,0.0,0,0,0,0,0,0,0,0,0,0
0.0,0.0,0.0027209107690817818,0.0033011763804142906,0.002855664549574284,0.0,0.004726221318100166,0.0,0.004776720949461911,87.3631,87.3631,5.444,0,1,1,0,0,0,0,0.0,0,0,0,0,0,0,0,0,0,0
0.0,0.0,0.01704595441305007,0.014325043643968288,0.005710572976542814,0.0,0.00546729571278081,0.0,0.004944161572660412,87.2983,87.2983,5.43208,0,1,1,0,0,0,0,0.0,0,0,0,0,0,0,0,0,0,0
0.0,0.0,0.012089776599579896,0.004956177813470172,0.005932405990287767,0.0,0.00533473032861306,0.0,0.005082580342107705,87.2983,87.4401,5.45095,0,1,1,0,0,0,0,0.0,0,0,0,0,0,0,0,0,0,0
0.0,0.0,0.005378724557653369,0.006711052041926527,0.005811311610303374,0.0,0.004859125523319611,0.0,0.005198718250684542,87.2983,87.4795,5.43447,0,1,1,0,0,0,0,0.0,0,0,0,0,0,0,0,0,0,0
0.0,0.0,0.00714844141469514,0.001769716857041771,0.005704757441594515,0.0,0.004464726257896298,0.0,0.005138938371432503,87.2983,87.3558,5.44945,0,1,1,0,0,0,0,0.0,0,0,0,0,0,0,0,0,0,0
0.0,0.0,0.006866511682398187,0.0002819297322969533,0.0048188804241686275,0.0,0.0041721657634507395,0.0,0.004976357294691441,87.2983,87.5884,5.42982,0,1,1,0,0,0,0,0.0,0,0,0,0,0,0,0,0,0,0
0.0,0.0,0.0058957746486402104,0.0009707370337579766,0.0026768162745360257,0.0,0.0042188399789186174,0.0,0.004655443552035832,87.3558,87.3783,5.4337,0,1,1,0,0,0,0,0.0,0,0,0,0,0,0,0,0,0,0
0.0,0.0,0.0026720742808860275,0.003223700367754183,0.001782597900311846,0.0,0.004403531895232972,0.0,0.004302218486733387,87.3558,87.3857,5.44886,0,1,1,0,0,0,0,0.0,0,0,0,0,0,0,0,0,0,0
0.0,0.0,0.016952532724365168,0.01428045844347914,0.00536025102048562,0.0,0.005285198948490757,0.0,0.004412913838210476,87.246,87.246,5.42932,0,1,1,0,0,0,0,0.0,0,0,0,0,0,0,0,0,0,0
0.0,0.0,0.009697201391563376,0.007255331332801792,0.005391173275400776,0.0,0.005238372255759457,0.0,0.004604443146320565,87.246,87.4274,5.4488,0,1,1,0,0,0,0,0.0,0,0,0,0,0,0,0,0,0,0
0.0,0.0,0.0019140163735887276,0.0077831850179746484,0.006148913397193756,0.0,0.005344924732847516,0.0,0.004933768031082511,87.246,87.4725,5.43723,0,1,1,0,0,0,0,0.0,0,0,0,0,0,0,0,0,0,0
0.0,0.0,0.003273908945257546,0.0013598925716688185,0.0064179758451778065,0.0,0.004645744020405904,0.0,0.005004508317946012,87.246,87.3864,5.44945,0,1,1,0,0,0,0,0.0,0,0,0,0,0,0,0,0,0,0
0.0,0.0,0.008905848791710523,0.005631939846452976,0.0059815020947962955,0.0,0.00437368387574786,0.0,0.005009417928396864,87.246,87.5727,5.43391,0,1,1,0,0,0,0,0.0,0,0,0,0,0,0,0,0,0,0
0.0,0.0,0.005645030899203216,0.003260817892507307,0.003402296109654604,0.0,0.004364392315986658,0.0,0.004768516378331987,87.3864,87.4523,5.42961,0,1,1,0,0,0,0,0.0,0,0,0,0,0,0,0,0,0,0
0.0,0.0,0.002880146371650565,0.002764884527552651,0.0028077707268180053,0.0,0.004542178668466554,0.0,0.004478817706854336,87.3691,87.3691,5.453,0,1,1,0,0,0,0,0.0,0,0,0,0,0,0,0,0,0,0
0.0,0.0,0.015013119976021845,0.01213297360437128,0.0050107913673069285,0.0,0.005290121560839234,0.0,0.004498008801168166,87.2692,87.2692,5.42932,0,1,1,0,0,0,0,0.0,0,0,0,0,0,0,0,0,0,0
0.0,0.0,0.00530468718766429,0.009708432788357556,0.004690798313212932,0.0,0.005310630718135812,0.0,0.004699407005035856,87.2692,87.4091,5.44599,0,1,1,0,0,0,0,0.0,0,0,0,0,0,0,0,0,0,0
0.0,0.0,0.0022538839907542928,0.0030508031969099974,0.005132544262365748,0.0,0.005351959948402988,0.0,0.005034401641241247,87.2692,87.4567,5.44137,0,1,1,0,0,0,0,0.0,0,0,0,0,0,0,0,0,0,0
0.0,0.0,0.0011584731882142661,0.0010954108025400266,0.005626478619106826,0.0,0.004393555602436679,0.0,0.0050610244011033674,87.2692,87.3365,5.44597,0,1,1,0,0,0,0,0.0,0,0,0,0,0,0,0,0,0,0
0.0,0.0,0.011682110223275212,0.010523637035060946,0.006033684447074943,0.0,0.004637080135566265,0.0,0.005125275518270784,87.2692,87.5775,5.43933,0,1,1,0,0,0,0,0.0,0,0,0,0,0,0,0,0,0,0
0.0,0.0,0.005621387009793693,0.0060607232134815186,0.004099382071884354,0.0,0.004435413428970559,0.0,0.004920322385739845,87.3365,87.4667,5.429,0,1,1,0,0,0,0,0.0,0,0,0,0,0,0,0,0,0,0
0.0,0.0,0.001648208731644807,0.003973178278148886,0.004392609484084847,0.0,0.00458092109401852,0.0,0.004717785749630549,87.3365,87.3927,5.45162,0,1,1,0,0,0,0,0.0,0,0,0,0,0,0,0,0,0,0
0.0,0.0,0.01055387554026132,0.008905666808616514,0.004885124926953665,0.0,0.004724034967866541,0.0,0.004608148032846286,87.2919,87.2919,5.43209,0,1,1,0,0,0,0,0.0,0,0,0,0,0,0,0,0,0,0
0.0,0.0,0.002011978797717479,0.008541896742543843,0.004678389394894322,0.0,0.004905625634309937,0.0,0.004735757361370257,87.2919,87.3809,5.44246,0,1,1,0,0,0,0,0.0,0,0,0,0,0,0,0,0,0,0
0.0,0.0,0.005949061997925113,0.0039370832002076335,0.0036115113727113284,0.0,0.0047965593068789855,0.0,0.00481613142595959,87.2919,87.4915,5.44552,0,1,1,0,0,0,0,0.0,0,0,0,0,0,0,0,0,0,0
0.0,0.0,0.005623945338474543,0.00032511665945056997,0.003611593811098104,0.0,0.0036423378296552146,0.0,0.004676211670338707,87.2919,87.3449,5.44464,0,1,1,0,0,0,0,0.0,0,0,0,0,0,0,0,0,0,0
0.0,0.0,0.013202934266303484,0.007578988927828941,0.004412708234538123,0.0,0.004440987079252328,0.0,0.004648402662471227,87.2919,87.4816,5.44342,0,1,1,0,0,0,0,0.0,0,0,0,0,0,0,0,0,0,0
0.0,0.0,0.0024242531509714835,0.010778681115332001,0.004488664009732948,0.0,0.004425444063838449,0.0,0.004584014637207946,87.3449,87.4452,5.42905,0,1,1,0,0,0,0,0.0,0,0,0,0,0,0,0,0,0,0
0.0,0.0,0.0009936826346921793,0.0014305705162793042,0.00472289734025603,0.0,0.004445684965053679,0.0,0.004493656509322866,87.3152,87.3152,5.45023,0,1,1,0,0,0,0,0.0,0,0,0,0,0,0,0,0,0,0
0.0,0.0,0.006116628205540307,0.005122945570848128,0.004726242877923302,0.0,0.0039747201459580765,0.0,0.004362912352407702,87.3104,87.3104,5.4349,0,1,1,0,0,0,0,0.0,0,0,0,0,0,0,0,0,0,0
0.0,0.0,0.008544014112975486,0.002427385907435179,0.0048961361370405045,0.0,0.004097179584962189,0.0,0.004442587758923317,87.3104,87.375,5.43832,0,1,1,0,0,0,0,0.0,0,0,0,0,0,0,0,0,0,0
0.0,0.0,0.010148662143247895,0.0016046480302724098,0.0039024880264690465,0.0,0.004043006851146185,0.0,0.004393575613161738,87.3104,87.5059,5.44895,0,1,1,0,0,0,0,0.0,0,0,0,0,0,0,0,0,0,0
0.0,0.0,0.007845686032546293,0.0023029761107016024,0.0035179615865207924,0.0,0.003830649583931286,0.0,0.00425685927911845,87.3104,87.3666,5.44122,0,1,1,0,0,0,0,0.0,0,0,0,0,0,0,0,0,0,0
0.0,0.0,0.012634395336300447,0.004788709303754154,0.002468081345807477,0.0,0.003983499022383521,0.0,0.004035828474209765,87.3104,87.4151,5.4468,0,1,1,0,0,0,0,0.0,0,0,0,0,0,0,0,0,0,0
0.0,0.0,0.0017724207658811946,0.010861974570419253,0.0040316933159040445,0.0,0.004348725599722388,0.0,0.004077846668529037,87.3666,87.5019,5.42844,0,1,1,0,0,0,0,0.0,0,0,0,0,0,0,0,0,0,0
0.0,0.0,0.003003185730450259,0.0012307649645690645,0.004627231303177281,0.0,0.004512125065231903,0.0,0.004179410417736955,87.3397,87.3397,5.4468,0,1,1,0,0,0,0,0.0,0,0,0,0,0,0,0,0,0,0
0.6371268597226335,0.6339570743508792,0.09779295063119865,0.09478976490074839,0.04113578442406347,0.9999998902439206,0.029304225043318734,0.04999999451219603,0.007851718036689489,84.6202,84.6202,6.11768,0,1,1,0,0,0,0,0.0,0,0,0,0,0,0,0,0,0,0
0.9238021856815862,0.2872498256101731,0.21011368571646857,0.11232073508526992,0.09043896788517905,0.9998610095838247,0.0677194802493318,0.09999304499138725,0.0164467484242341,73.7129,73.7129,6.91524,0,1,1,0,0,0,0,0.0,0,0,0,0,0,0,0,0,0,0
1.229647193384751,0.30402088240871256,0.45709468832370703,0.24698100260723846,0.18983389585409324,0.8930829168095078,0.14782129530000573,0.14464719083186267,0.03495784827561782,73.7129,107.18,7.74067,0,1,1,0,0,0,0,0.0,0,0,0,0,0,0,0,0,0,0
0.5100293717033096,-0.7196178216814414,1.9933072226452913,1.5362125343215842,0.8232498074360456,0.6229533147866655,0.619234780385087,0.17579485657119592,0.11681020473143004,73.7129,142.584,7.24852,0,1,1,0,0,0,0,0.0,0,0,0,0,0,0,0,0,0,0
2.1116157850157427,1.6031896029153483,1.3566756425352873,0.636631580110004,0.8200412005753697,0.11671450013115614,0.6955615712508273,0.18163058157775375,0.19832471117526299,73.7129,75.4254,5.53845,0,1,1,0,0,0,0,0.0,0,0,0,0,0,0,0,0,0,0
2.726742731359497,0.6145124339098448,0.23466522384346922,1.122010418691818,0.7915707309992628,0.3567480449845836,0.6845769906349164,0.19946798382698291,0.27709153547254234,73.7129,88.9289,3.95929,0,1,1,0,0,0,0,0.0,0,0,0,0,0,0,0,0,0,0
0.3174978205439855,-2.4189205931882647,1.0593108243446376,0.8246456005011684,0.7063702388584193,0.30739149358224965,0.6919632969949999,0.2148375585060954,0.3473767631997322,23.7327,23.7327,3.96009,1,1,1,0,0,0,0,0.0,0,0,0,0,0,0,0,0,0,0
2.091920536588167,1.765594742332519,1.2281081267309129,0.16879730238627522,0.6330610118723434,0.05096256432103516,0.695265660388757,0.21738568672214717,0.4104360562523858,23.7327,70.8601,5.20905,0,1,1,0,0,0,0,0.0,0,0,0,0,0,0,0,0,0,0
4.066774157710364,1.9689467807798582,0.384639082685593,0.8434690440453199,0.5095730436926241,0.25410282066101786,0.6646006582871221,0.23009082775519807,0.4609901912900578,23.7327,101.655,9.39001,0,1,1,0,0,0,0,0.0,0,0,0,0,0,0,0,0,0,0
6.44452285976393,2.377748702053566,0.04201463302780273,0.34262444965779026,0.5234878662837246,0.4768443577522036,0.6601381597980367,0.2539330456428083,0.5128762547881125,23.7327,99.0887,15.7187,0,1,1,0,0,0,0,0.0,0,0,0,0,0,0,0,0,0,0
4.9042790542504955,-1.538705100413022,0.12969024725892087,0.08767561423111814,0.5430293511416255,0.5713669185275495,0.6569401408366378,0.28250139156918574,0.5630656114598687,23.7327,102.581,20.2388,0,1,1,0,0,0,0,0.0,0,0,0,0,0,0,0,0,0,0
3.516619850493489,-1.3807554266238873,0.2548395989117647,0.12514935165284385,0.47644062783754537,0.6177762949855105,0.6533041614264176,0.3133902063184612,0.6016657774551054,70.8601,85.2681,23.7357,0,1,1,0,0,0,0,0.0,0,0,0,0,0,0,0,0,0,0
3.4312613073843496,-0.08493387374043708,0.5239649034465891,0.26912530453482436,0.19331979326629312,0.6520993201846302,0.6507191034449468,0.3459951723276927,0.6020143671963254,85.2681,117.326,26.9681,0,1,1,0,0,0,0,0.0,0,0,0,0,0,0,0,0,0,0
2.933898719006708,-0.5008686690610691,0.39734640630023693,0.12661849714635215,0.19532559476479106,0.6771930882641641,0.4762476319727602,0.37985482674090093,0.5392219459291999,85.2681,93.5421,29.9323,0,1,1,0,0,0,0,0.0,0,0,0,0,0,0,0,0,0,0
2.849315369971738,-0.08466801705202213,0.42473545285459435,0.02738904655435742,0.15460214519603246,0.700088954585983,0.3858838582677378,0.4148592744702001,0.4726780403912662,69.7457,69.7457,32.6383,0,1,1,0,0,0,0,0.0,0,0,0,0,0,0,0,0,0,0
5.070125786600455,2.1794017827563468,0.5407714363937034,0.11603598353910904,0.11495752963686787,0.7217225177389426,0.37737096377395546,0.4509454003571472,0.4050167202550267,42.3186,42.3186,37.3204,0,1,1,0,0,0,0,0.0,0,0,0,0,0,0,0,0,0,0
5.115636834270818,0.04587807224834987,0.02699884383000673,0.5137725925636967,0.20823492794256718,0.7231954082222789,0.3468916284425198,0.48710517076826115,0.35520318916344146,42.3186,47.4678,40.9647,0,1,1,0,0,0,0,0.0,0,0,0,0,0,0,0,0,0,0
4.332869208696601,-0.7851229945578908,0.7223540591924896,0.6953552153624829,0.2554209453403666,0.7331764584462305,0.2287238702082147,0.5237639936905727,0.3174391825102438,42.3186,91.658,44.5285,0,1,1,0,0,0,0,0.0,0,0,0,0,0,0,0,0,0,0
5.6276590732215315,1.2999898238202114,0.30355176108828147,0.41880229810420816,0.26110577724556777,0.7422125346451388,0.22858933649761434,0.5608746204228297,0.29259245586553817,42.3186,86.7227,49.4468,0,1,1,0,0,0,0,0.0,0,0,0,0,0,0,0,0,0,0
6.4446629364681955,0.8145601826985684,0.4212076762291324,0.11765591514085094,0.26103942338496194,0.7668140540100968,0.20446588197243767,0.5992153231233345,0.2663476115756619,42.3186,63.7808,55.6118,0,1,1,0,0,0,0,0.0,0,0,0,0,0,1,0,0,0,0
1.426751485539308,-4.9929467173421775,0.5792313231044068,0.15802364687527443,0.2666218240308089,0.7681252832684135,0.1937895941804161,0.5876215927745592,0.23870685886458026,47.4678,58.6815,56.6635,0,1,1,0,0,0,0,0.0,0,0,0,0,0,1,0,0,0,0
0.619664094221449,-0.8119591461950292,0.05657413215832965,0.5226571909460772,0.25610264112755293,0.7667940818923811,0.220771610894352,0.5759682463899869,0.21667306019358099,58.6815,61.1236,57.2886,0,1,1,0,0,0,0,0.0,0,0,0,0,0,1,0,0,0,0
0.6364372008912819,0.01670628154365826,0.07903813937070689,0.022464007212377242,0.2236206530173677,0.7693277688518814,0.23716466972049158,0.5697804889921056,0.21970314616868847,58.6815,59.3236,57.8479,0,1,1,0,0,0,0,0.0,0,0,0,0,0,1,0,0,0,0
2.474420081558347,1.8343142521627398,0.9443189018602077,0.8652807624895008,0.370311581436438,0.7876745214961433,0.3021426197600535,0.5780165493275795,0.23720174483585313,58.6815,94.4452,60.4812,0,1,1,0,0,0,0,0.0,0,0,0,0,0,0,0,0,0,0
6.211901970410579,3.7374818888522316,0.4333123767926305,0.5110065250675773,0.37039309213158667,0.8529985126350033,0.3022016491730551,0.6148307499527719,0.25878083952940856,58.6815,114.796,66.461,0,1,1,0,0,0,0,0.0,0,0,0,0,0,0,0,0,0,0
5.370078771130936,-0.8110050089399251,1.6738575101399933,1.2405451333473627,0.6817664179739094,0.9191680145521247,0.5024507898959323,0.6429517484311489,0.3154617283631127,13.4676,13.4676,71.209,0,1,1,0,0,0,0,0.0,0,0,0,0,0,0,0,0,0,0
3.958593020434994,-1.4611653733912446,0.19751071663711792,1.4763467935028753,0.654100024110196,0.922110147298688,0.4863439196136648,0.6736876811169707,0.3600482379798756,13.4676,23.6031,74.8066,0,1,1,0,0,0,0,0.0,0,0,0,0,0,0,0,0,0,0
1.2240716573323018,-2.740001365834361,1.213514705086526,1.016003988449408,0.5937420684480033,0.9242748558469617,0.5295640303907235,0.7173532956932671,0.3938803502906393,13.4676,45.8019,75.8345,0,1,1,0,0,0,0,0.0,0,0,0,0,0,0,0,0,0,0
2.8960919183351934,1.6736939549578493,0.38195637533689625,0.8315583297496298,0.6334116046874732,0.8505917256130103,0.5254124504796219,0.7471777409408669,0.43111093303482984,13.4676,68.4175,73.1547,0,1,1,0,0,0,0,0.0,0,0,0,0,0,0,0,0,0,0
0.2879022958238063,-2.5977984287962026,0.14111188641344494,0.2408444889234513,0.6847934471333962,0.8327750433439771,0.5430571158307738,0.7649742752204555,0.4734863354096732,13.4676,76.4276,72.9756,0,1,1,0,0,0,0,0.0,0,0,0,0,0,0,0,0,0,0
0.4487982998811928,0.16121844093926505,0.7475095134629463,0.6063976270495013,0.44665506583619524,0.8279632252814213,0.5459728925958296,0.777804090558149,0.49148965959021185,23.6031,93.2867,73.3042,0,1,1,0,0,0,0,0.0,0,0,0,0,0,1,0,0,0,0
0.0,-0.44347658091026954,0.0738493210877671,0.6736601923751792,0.47276635870545136,0.829438933753376,0.5441327704259206,0.7883872224965424,0.5131560313480017,45.8019,95.2941,73.285,0,1,1,0,0,0,0,0.0,0,0,0,0,0,1,0,0,0,0
2.5707259999916445,2.5681578421494953,2.020732144911764,1.946882823823997,0.7982052508324672,0.7932146006616175,0.673223081573616,0.7954429865203917,0.5706144911295116,68.4175,138.343,74.3166,0,1,1,0,0,0,0,0.0,0,0,0,0,0,0,0,0,0,0
3.8454895046953914,1.2722190665706057,0.8870447213926039,1.1336874235191603,0.7839930199479627,0.7865177671316304,0.6719383809893776,0.800909220463765,0.6119826349806641,76.4276,171.604,77.2649,0,1,1,0,0,0,0,0.0,0,0,0,0,0,0,0,0,0,0
4.1625680902391275,0.3180326835945197,0.966681650854898,0.07963692946229406,0.6997792916606567,0.7548794056889656,0.6627281801503683,0.8036487430189141,0.6449212549335711,93.2867,130.049,79.6121,0,1,1,0,0,0,0,0.0,0,0,0,0,0,0,0,0,0,0
4.894094921610571,0.7329928170054543,0.08942262622989793,0.877259024625,0.7996056560711176,0.7428210639501055,0.6271087030357638,0.8047036703294722,0.6567051787432919,95.2941,122.958,83.8254,0,1,1,0,0,0,0,0.0,0,0,0,0,0,0,0,0,0,0
6.537370837826017,1.6399959243667124,0.2686019058925963,0.17917927966269837,0.7586239171633784,0.7679302371026729,0.621510878563376,0.806940411773492,0.6671575680486102,108.355,108.355,90.1272,0,1,1,0,0,0,0,0.0,0,0,0,0,0,0,0,0,0,0
6.733137850819926,0.19537626047296316,0.16401343672276883,0.10458846916982747,0.41818485993787685,0.7945350146598057,0.6097295415901389,0.8100083395841707,0.6496018471975975,108.355,116.198,96.6534,0,1,1,0,0,0,0,0.0,0,0,0,0,0,0,0,0,0,0
3.7614794437894536,-2.9686897173131594,0.18482631714825798,0.02081288042548915,0.35900096741456367,0.8248119118676738,0.6197362175261626,0.8141383084452976,0.6221607834703066,108.355,122.388,99.6044,0,1,1,0,0,0,0,0.0,0,0,0,0,0,0,0,0,0,0
0.0,-3.7464934699098142,0.004467153037791262,0.1803591641104667,0.10003254107112097,0.8291686126086449,0.6312600330621302,0.8172560363752248,0.5636846928640791,108.355,122.129,99.6071,0,1,1,0,0,0,0,0.0,0,0,0,0,0,0,0,0,0,0
0.0,0.0,0.015940557844521062,0.0114734048067298,0.11414010217635259,0.8357859199950949,0.6468305477739509,0.820639068211559,0.5304331964980948,108.355,121.307,99.5966,0,1,1,0,0,0,0,0.0,0,0,0,0,0,0,0,0,0,0
5.672457015465381,5.583126983725768,0.12900193904752172,0.11306138120300066,0.08415200291332756,0.8532601762059693,0.6433261934880733,0.8249623729272384,0.49157176091888244,116.198,123.037,105.229,0,1,1,0,0,0,0,0.0,0,0,0,0,0,0,0,0,0,0
7.038987742615598,1.3733977157288617,0.305519565991171,0.1765176269436493,0.12506108648791778,0.8669688858496981,0.3437453947800958,0.8298444287771292,0.42425734448442753,103.886,103.886,111.106,0,1,1,0,0,0,0,0.0,0,0,0,0,0,0,0,0,0,0
6.692187357062022,-0.3461081692151454,0.09643798391989353,0.2090815820712775,0.12119910194857854,0.8900340298085138,0.2789289394670889,0.8349624041927477,0.35797795268448906,103.886,104.98,117.232,0,1,1,0,0,0,0,0.0,0,0,0,0,0,0,0,0,0,0
6.791781284275432,0.09989360803752222,0.0992173974393124,0.0027794135194188774,0.10710816170131778,0.9012851981503154,0.0979455386178996,0.8373767384685135,0.2987108396885552,103.886,106.339,123.56,0,1,1,0,0,0,0,0.0,0,0,0,0,0,0,0,0,0,0
6.20583159315568,-0.5639554293741598,0.0269528833081679,0.0722645141311445,0.10427203993695217,0.9039823635109064,0.10308554070854355,0.8366174559164523,0.22917747807513864,103.886,105.567,129.681,0,1,1,0,0,0,0,0.0,0,0,0,0,0,0,0,0,0,0
4.17313069959613,-2.1042452314281057,1.298240216953834,1.2712873336456663,0.5318638575020092,0.9080879399046116,0.38531845462176406,0.8359163455467487,0.20650147210900172,103.886,175.674,133.511,0,1,1,0,0,0,0,0.0,0,0,0,0,0,0,0,0,0,0
2.883003213352187,-1.2824328889104801,1.4349861966441684,0.1367459796903343,0.7101218471227643,0.9143682500576961,0.5391428910924339,0.8354210152572854,0.23569517082749045,101.238,101.238,135.6,0,1,1,0,0,0,0,0.0,0,0,0,0,0,0,0,0,0,0
3.117451252311522,0.23562616980837675,2.9489085714481322,1.5139223748039639,1.1941485822522238,0.9672127452316579,0.973325343469422,0.8412520662382177,0.3192099323112565,85.7271,85.7271,138.203,0,1,1,0,0,0,0,0.0,0,0,0,0,0,0,0,0,0,0
5.826682634297985,2.7119433253117746,0.24449789390440704,2.7044106775437253,1.1632007351016729,0.9754282770539032,0.9588740172405393,0.8483847279237139,0.42552675171431165,85.7271,99.0608,144.249,0,1,1,0,0,0,0,0.0,0,0,0,0,0,0,0,0,0,0
6.192148783977084,0.3647366763264461,0.6935727390608948,0.44907484515648777,1.026653871538259,0.9769868070897749,0.9318673414346719,0.8558359070141316,0.5167781286505023,58.7044,58.7044,150.068,0,1,1,0,0,0,0,0.0,0,0,0,0,0,0,0,0,0,0
2.213555844689751,-3.701016687709147,0.5152638323548795,0.1783089067060153,1.0893710690191458,0.977535098404389,0.9120876359519108,0.8632407152466823,0.6173000352610841,26.7053,26.7053,152.191,0,1,1,0,0,0,0,0.0,0,0,0,0,0,0,0,0,0,0
3.488494943632918,1.3679604065913806,0.6796051901166268,0.1643413577617473,1.0953547231833345,0.9820002577125895,0.8986590869076816,0.8726799980992309,0.7143293989306259,26.7053,62.7551,155.397,0,1,1,0,0,0,0,0.0,0,0,0,0,0,0,0,0,0,0
3.3258341574925447,-0.16249828785252055,2.0031260006817533,1.3235208105651264,0.6817786202502244,0.9795774208958755,0.9335053547021209,0.8823329807874434,0.7703873507607903,26.7053,52.5784,158.676,0,1,1,0,0,0,0,0.0,0,0,0,0,0,0,0,0,0,0
1.378445556335949,-1.9591434619281647,0.6129220256656651,1.3902039750160882,0.6201823743999799,0.977048250444815,0.8919788503301072,0.8934414230252357,0.8216947720306566,26.7053,86.2255,159.443,0,1,1,0,0,0,0,0.0,0,0,0,0,0,0,0,0,0,0
0.02137176938369921,-1.3489799075072066,0.04354251343753615,0.569379512228129,0.7324737986068642,0.9759192462341557,0.8898863394871573,0.9050963321394383,0.8845149478976477,26.7053,88.7315,159.452,0,1,1,0,0,0,0,0.0,0,0,0,0,0,0,0,0,0,0
2.638874922533661,2.5915872803464968,0.1133629873108427,0.06982047387330655,0.7875222499706644,0.9650143874940216,0.9307313628385937,0.9149505396590056,0.9100807871445135,52.5784,94.6633,161.599,0,1,1,0,0,0,0,0.0,0,0,0,0,0,0,0,0,0,0
1.7740759944052098,-0.8656645927211724,0.8272056314277821,0.7138426441169394,0.7897743767759671,0.963420228262812,0.9137056657600274,0.9233948003391561,0.9180460401098337,52.5784,101.828,163.419,0,1,1,0,0,0,0,0.0,0,0,0,0,0,1,0,0,0,0
0.0,-1.7919959539446564,0.05429909365009953,0.7729065377776826,0.3647802195117556,0.9617066140247729,0.5782095728786043,0.9302395354470108,0.8351092038357869,86.2255,98.7463,163.421,0,1,1,0,0,0,0,0.0,0,0,0,0,0,1,0,0,0,0
0.0,0.0,0.017451685559128474,0.036847408090971055,0.3461576056334484,0.9617066140247729,0.5969467205771719,0.9368664355178172,0.7534048908889643,88.7315,97.7437,163.427,0,1,1,0,0,0,0,0.0,0,0,0,0,0,1,0,0,0,0
0.0,0.0,0.01095508530326037,0.006496600255868104,0.3503837741453599,0.9617066140247729,0.6181250785397467,0.9431624702193012,0.6857778811496744,94.6633,98.3633,163.408,0,1,1,0,0,0,0,0.0,0,0,0,0,0,1,0,0,0,0
0.0,0.0,0.0031045894461548835,0.007850495857105486,0.360878126069132,0.9584050503731945,0.6365379400564933,0.9484197139276624,0.6129285868546731,97.7437,98.3113,163.424,0,1,1,0,0,0,0,0.0,0,0,0,0,0,1,0,0,0,0
0.0,0.0,0.002754794244514763,0.00034979520164012037,0.021339127929581172,0.9568689601446826,0.6437671143330738,0.9529147176424116,0.5055270273292978,97.7437,98.2592,163.404,0,1,1,0,0,0,0,0.0,0,0,0,0,0,1,0,0,0,0
0.0,0.0,0.009707706386100844,0.006952912141586081,0.006109461185625817,0.9523132261564334,0.296417092740793,0.9560286774598076,0.43796011142283786,97.7437,98.7231,163.409,0,1,1,0,0,0,0,0.0,0,0,0,0,0,1,0,0,0,0
0.0,0.0,0.006869171099309919,0.002838535286790925,0.0037306142889007693,0.9461601580226094,0.25471130221692,0.9582724254534224,0.37631493541173,98.2592,98.3307,163.417,0,1,1,0,0,0,0,0.0,0,0,0,0,0,1,0,0,0,0
0.0,0.0,0.16290071763896882,0.1560315465396589,0.07040123774810748,0.9370166602567044,0.2541028706771481,0.9599241402907122,0.31010767932585426,96.8893,96.8893,163.425,0,1,1,0,0,0,0,0.0,0,0,0,0,0,0,0,0,0,0
0.0,0.0,0.6294933873355181,0.4665926696965492,0.26979984949929053,0.9294168710250673,0.30057831209618535,0.9609905868467351,0.25833543927871694,90.0692,90.0692,163.472,0,1,1,0,0,0,0,0.0,0,0,0,0,0,0,0,0,0,0
0.28891503705414057,0.2951123973995307,0.013254004377383513,0.6162393829581345,0.26828384055763976,0.9278874465309631,0.1953776886926341,0.9616665466703985,0.20618638565688419,90.0692,90.9104,163.476,0,1,1,0,0,0,0,0.0,0,0,0,0,0,0,0,0,0,0
0.0,-0.2883383603334736,0.011115158367693521,0.0021388460096899917,0.26808155967012015,0.9377121836948052,0.19675335445699482,0.9601915185935557,0.19651651967272066,90.0692,90.3684,163.487,0,1,1,0,0,0,0,0.0,0,0,0,0,0,0,0,0,0,0
0.0,0.0,0.8043652357656459,0.7932500773979524,0.368947723746161,0.924477826960481,0.2975149462791737,0.9576439960888848,0.19879553148399193,90.0692,98.0129,163.418,0,1,1,0,0,0,0,0.0,0,0,0,0,0,1,0,0,0,0
0.0,0.0,0.0009659390675009412,0.8033992966981449,0.39297463030639657,0.911889608309044,0.2981074896225963,0.9543891361498481,0.2030546171000956,90.0692,97.9573,163.429,0,1,1,0,0,0,0,0.0,0,0,0,0,0,1,0,0,0,0
0.0,0.0,0.0023864281003373785,0.0014204890328364372,0.3566635665580997,0.9196449880900363,0.2981507618240477,0.9514946306341304,0.20263316114899235,90.3684,97.9991,163.434,0,1,1,0,0,0,0,0.0,0,0,0,0,0,1,0,0,0,0
0.0,0.0,0.00563340154697368,0.003246973446636301,0.3574970111091493,0.9048414992171736,0.2979787148461604,0.9476366927093596,0.23624894946694913,90.3684,98.3053,163.427,0,1,1,0,0,0,0,0.0,0,0,0,0,0,1,0,0,0,0
0.0,0.0,0.009385922898866014,0.0037525213518923347,0.3576837573236385,0.862180746847711,0.29799732507139437,0.9417668590069515,0.27140637908075044,97.8226,97.8226,163.44,0,1,1,0,0,0,0,0.0,0,0,0,0,0,1,0,0,0,0
0.0,0.0,0.01819028971750263,0.008804366818636614,0.006891839073269365,0.8669413803079578,0.2973521644870639,0.9362615155001086,0.2717225015591873,97.8226,98.8697,163.436,0,1,1,0,0,0,0,0.0,0,0,0,0,0,1,0,0,0,0
0.0,0.0,0.009732507398095497,0.008457782319407131,0.00592027571367131,0.8708900259141725,0.30143322685960217,0.9310100544841093,0.26527440535574365,97.8226,99.3738,163.433,0,1,1,0,0,0,0,0.0,0,0,0,0,0,1,0,0,0,0
0.0,0.0,0.0066566401484568,0.0030758672496386972,0.00494324102559584,0.8945711329852518,0.25169692732036475,0.9274878917586709,0.2387887445083742,97.8226,99.0092,163.424,0,1,1,0,0,0,0,0.0,0,0,0,0,0,1,0,0,0,0
0.0,0.0,0.7833647752367081,0.7767081350882513,0.3454429602845362,0.9999819379893662,0.33141793475280945,0.9293159772449986,0.24650465648106384,89.9539,89.9539,163.466,0,1,1,0,0,0,0,0.0,0,0,0,0,0,0,0,0,0,0
0.0,0.0,0.7832122511505472,0.00015252408616095448,0.4227325739796434,0.9999819379893662,0.37817628089312955,0.9312297434432283,0.2619697579120162,89.9539,98.8869,163.436,0,1,1,0,0,0,0,0.0,0,0,0,0,0,1,0,0,0,0
0.0,0.0,0.02142273867341293,0.7617895124771342,0.4221572607290912,0.9999819379893662,0.3264055299047925,0.933143509641458,0.2672907116103092,89.9539,97.691,163.432,0,1,1,0,0,0,0,0.0,0,0,0,0,0,1,0,0,0,0
0.0,0.0,0.014671223638833586,0.006751515034579344,0.4212520645150251,0.9999819379893662,0.32567241858794826,0.9350572758396876,0.27011845503117204,89.9539,98.5152,163.434,0,1,1,0,0,0,0,0.0,0,0,0,0,0,1,0,0,0,0
0.0,0.0,0.0032733172293079563,0.01139790640952563,0.4218872099939587,0.9999819379893662,0.32562319048834926,0.9371361202204962,0.27664081937475793,89.9539,98.6318,163.428,0,1,1,0,0,0,0,0.0,0,0,0,0,0,1,0,0,0,0
0.0,0.0,0.0018975382875523804,0.001375778941755576,0.34574464445968567,0.9999819379893662,0.32582913141870273,0.9392917691127304,0.2754655827098116,97.691,98.6215,163.432,0,1,1,0,0,0,0,0.0,0,0,0,0,0,1,0,0,0,0
0.0,0.0,0.006454652937220575,0.004557114649668195,0.008287441690029174,0.9999819379893662,0.3259861435806469,0.941675204704377,0.24052595114645065,97.691,98.9874,163.42,0,1,1,0,0,0,0,0.0,0,0,0,0,0,1,0,0,0,0
0.0,0.0,0.009855094664840485,0.0034004417276199093,0.0051709423731387824,0.9999819379893662,0.32641328973976663,0.9443662937027147,0.24035386147643756,98.4188,98.4188,163.417,0,1,1,0,0,0,0,0.0,0,0,0,0,0,1,0,0,0,0
0.0,0.0,0.021607946439088484,0.011752851774247999,0.007884786321471679,0.9999819379893662,0.3258105059699463,0.947514557589348,0.24055031253721762,97.7357,97.7357,163.437,0,1,1,0,0,0,0,0.0,0,0,0,0,0,1,0,0,0,0
0.0,0.0,0.6327506089766561,0.6111426625375677,0.27861876301607563,0.9999819379893662,0.35112335092238284,0.9510428109375628,0.2679178647362656,97.7357,98.8127,163.456,0,1,1,0,0,0,0,0.0,0,0,0,0,0,1,0,0,0,0
0.0,0.0,0.11465862281059931,0.5180919861660568,0.2696191506753745,0.0,0.2923256661299251,0.9046484386110146,0.26033548377534943,92.5219,92.5219,163.464,0,1,1,0,0,0,0,0.0,0,0,0,0,0,0,0,0,0,0
0.0,0.0,0.3174114103258935,0.20275278751529419,0.2619476950522719,0.0,0.20674455448830414,0.8577628294262745,0.24425699588261227,92.5219,102.914,163.422,0,1,1,0,0,0,0,0.0,0,0,0,0,0,1,0,0,0,0
0.0,0.0,0.022008948195152502,0.295402462130741,0.2595642882438146,0.0,0.20671534316300236,0.8115389380782503,0.2279976986340846,92.5219,101.675,163.414,0,1,1,0,0,0,0,0.0,0,0,0,0,0,1,0,0,0,0
0.22183222935862468,0.2200716561097467,0.014264106799489367,0.007744841395663135,0.26099632609079415,0.99999960000024,0.20673721848899507,0.8159444376628102,0.21197212479166155,92.5219,102.117,163.415,0,1,1,0,0,0,0,0.0,0,0,0,0,0,1,0,0,0,0
0.0,-0.2233960013682021,0.007726225313059793,0.006537881486429574,0.13163942993104577,0.99999960000024,0.2064758546591048,0.8199621682583205,0.18294734678537022,92.5219,101.727,163.404,0,1,1,0,0,0,0,0.0,0,0,0,0,0,1,0,0,0,0
0.0,0.0,0.00924180867973666,0.0015155833666768669,0.1361123731373583,0.99999960000024,0.20604199845030002,0.8247200732974737,0.1619841196531375,101.477,101.477,163.42,0,1,1,0,0,0,0,0.0,0,0,0,0,0,0,0,0,0,0
0.0,0.0,0.42729144194609114,0.41804963326635447,0.18522191948578745,0.99999960000024,0.22350987195663607,0.8316110159551002,0.1796775674327133,98.0324,98.0324,163.422,0,1,1,0,0,0,0,0.0,0,0,0,0,0,1,0,0,0,0
0.0,0.0,0.008471999978909735,0.4188194419671814,0.18666905649877333,0.99999960000024,0.2236119166924005,0.8382639269397144,0.19782737884527676,98.0324,98.5136,163.427,0,1,1,0,0,0,0,0.0,0,0,0,0,0,1,0,0,0,0
0.0,0.0,0.006100404197454859,0.0023715957814548763,0.18756780961736627,0.99999960000024,0.2247104521889979,0.8447194056440177,0.2157956811748662,98.0324,98.8607,163.425,0,1,1,0,0,0,0,0.0,0,0,0,0,0,1,0,0,0,0
0.0,0.0,0.018589142998059565,0.012488738800604707,0.18641036232217342,0.99999960000024,0.15213850203737744,0.8499908289947671,0.20657484110547603,97.8108,97.8108,163.427,0,1,1,0,0,0,0,0.0,0,0,0,0,0,1,0,0,0,0
0.0,0.0,0.017741858915001307,0.0008472840830582584,0.1854812883642206,0.99999960000024,0.15379498673169228,0.8499917120953107,0.19816105487436064,97.8108,98.8251,163.428,0,1,1,0,0,0,0,0.0,0,0,0,0,0,1,0,0,0,0
0.0,0.0,0.006052101890439165,0.011689757024562143,0.00626820288480546,0.99999960000024,0.13137205382638087,0.8499925951958545,0.172593105657614,97.8108,98.4736,163.409,0,1,1,0,0,0,0,0.0,0,0,0,0,0,1,0,0,0,0
0.0,0.0,0.01094228778229826,0.004890185891859094,0.006074974996710366,0.99999960000024,0.13171529946718125,0.8499934782963982,0.14724417433290354,97.8108,97.8505,163.428,0,1,1,0,0,0,0,0.0,0,0,0,0,0,1,0,0,0,0
0.0,0.0,0.024842295120228026,0.013900007337929766,0.007276564646368006,0.99999960000024,0.1314149700610133,0.8499943613969417,0.12187219818846093,97.8108,99.2772,163.416,0,1,1,0,0,0,0,0.0,0,0,0,0,0,1,0,0,0,0
0.0,0.0,0.007742878269670482,0.017099416850557544,0.007774834022083619,0.99999960000024,0.13141432285278945,0.8499952444974855,0.10948573859756475,97.8505,98.8883,163.423,0,1,1,0,0,0,0,0.0,0,0,0,0,0,1,0,0,0,0
0.0,0.0,0.017548982461421503,0.00980610419175102,0.007748739422293043,0.99999960000024,0.13112799332017955,0.8499961275980292,0.0966493752260582,97.8505,97.9943,163.425,0,1,1,0,0,0,0,0.0,0,0,0,0,0,1,0,0,0,0
0.0,0.0,0.02060701295484045,0.003058030493418948,0.0069821881411643695,0.99999960000024,0.0067766955141256345,0.849997010698573,0.07882540209159589,97.8505,99.1501,163.413,0,1,1,0,0,0,0,0.0,0,0,0,0,0,0,0,0,0,0
2.203088740835301,2.203088740835301,0.7822089029571778,0.7616018900023374,0.34196334249461097,0.9975473064778735,0.2428697431825835,0.8498752791229982,0.09435483069117966,90.5723,90.5723,163.376,0,1,1,0,0,0,0,0.0,0,0,0,0,0,0,0,0,0,0
2.1472366651451336,-0.056020136098462646,0.016999801330424086,0.7652091016267537,0.3428159000736904,0.06192518787391111,0.24246934253571029,0.8029724416172256,0.10987963973681207,90.3978,90.3978,163.339,0,1,1,0,0,0,0,0.0,0,0,0,0,0,0,0,0,0,0
1.4915096751360468,-0.6518160934483963,0.7903515281932919,0.7733517268628678,0.420605483584267,0.2934186310150159,0.32512576686140837,0.7676442762685081,0.13329915186302144,90.3978,98.3846,163.391,0,1,1,0,0,0,0,0.0,0,0,0,0,0,1,0,0,0,0
0.0,-1.4974996738313724,0.06132032391462971,0.7290312042786622,0.4129788104242081,0.2934186310150159,0.3231516587578258,0.7823152078192588,0.15604890406902017,90.3978,97.854,163.402,0,1,1,0,0,0,0,0.0,0,0,0,0,0,0,0,0,0,0
2.226676842293638,2.226676842293638,1.0467263217174716,0.9854059978028419,0.46924804212721355,0.4776975448250879,0.417036560973031,0.8062000850605132,0.20234688799326098,90.3978,142.516,162.698,0,1,1,0,0,0,0,0.0,0,0,0,0,0,0,0,0,0,0
0.5008810492195128,-1.7240717213527723,0.20268633930776178,0.8440399824097098,0.46587719024722063,0.4138303316505474,0.4077006528782552,0.8268916016430407,0.24832710951831202,90.3978,154.247,162.479,0,1,1,0,0,0,0,0.0,0,0,0,0,0,0,0,0,0,0
0.00019960079840450123,-0.4996820842526031,0.002110222679684398,0.2005761166280774,0.46916209849321433,0.40138693330582553,0.4094469974782497,0.7969609683083199,0.2945156629029967,97.854,154.273,162.473,0,1,1,0,0,0,0,0.0,0,0,0,0,0,0,0,0,0,0
0.0001988071570589565,-7.889078981557887e-07,0.052173314761968397,0.050063092082283996,0.4389050049216994,0.4013775691102992,0.4062138760956257,0.7670298667638229,0.3376286799929582,97.854,153.162,162.386,0,1,1,0,0,0,0,0.0,0,0,0,0,0,0,0,0,0,0
0.20030227157864042,0.20010346442158147,0.18510617527719947,0.13293286051523107,0.42731781119084156,0.40588815278255214,0.396645017133383,0.7373242944029385,0.37958558716981305,142.516,163.448,162.604,0,1,1,0,0,0,0,0.0,0,0,0,0,0,0,0,0,0,0
0.10064032864843232,-0.10006219169699608,0.10167161433735811,0.08343456093984136,0.08555315351793744,0.4083618659677486,0.3907205905435014,0.7077424077013139,0.38744268370749035,153.162,157.547,162.706,0,1,1,0,0,0,0,0.0,0,0,0,0,0,0,0,0,0,0
0.0,-0.10084201267377989,0.0,0.10167161433735811,0.07756183877729171,0.4083618659677486,0.3663651261129868,0.6781605209996894,0.36100253333575844,153.162,157.547,162.714,0,1,1,0,0,0,0,0.0,0,0,0,0,0,0,0,0,0,0
0.0,0.0,0.0,0.0,0.07801586029352597,0.4083618659677486,0.36758275796613993,0.6485786342980647,0.334522529357742,153.162,157.547,162.71,0,1,1,0,0,0,0,0.0,0,0,0,0,0,0,0,0,0,0
0.0,0.0,0.0,0.0,0.08389444731994401,0.4083618659677486,0.31884573125043775,0.6189967475964402,0.30085142573130974,157.547,157.547,162.717,0,1,1,0,0,0,0,0.0,0,0,0,0,0,0,0,0,0,0
0.0,0.0,0.0,0.0,0.04546892820809481,0.4083618659677486,0.32164247148080627,0.5894148608948155,0.26410043750969836,157.545,157.545,162.709,0,1,1,0,0,0,0,0.0,0,0,0,0,0,0,0,0,0,0
0.0,0.0,0.0,0.0,0.0,0.4083618659677486,0.08085894492886823,0.5598329741931909,0.21717563329697703,157.545,157.547,162.717,0,1,1,0,0,0,0,0.0,0,0,0,0,0,0,0,0,0,0
0.0,0.0,0.0,0.0,0.0,0.4083618659677486,0.06297763114295167,0.5302510874915665,0.17058791427225498,157.545,157.547,162.705,0,1,1,0,0,0,0,0.0,0,0,0,0,0,0,0,0,0,0
0.0,0.0,0.0,0.0,0.0,0.4083618659677486,0.06310016987577846,0.5006692007899419,0.12367170442293354,157.545,157.546,162.703,0,1,1,0,0,0,0,0.0,0,0,0,0,0,0,0,0,0,0
0.0,0.0,0.0,0.0,0.0,0.4083618659677486,0.06357608147907255,0.4710873140883173,0.07978120393076359,157.545,157.547,162.715,0,1,1,0,0,0,0,0.0,0,0,0,0,0,0,0,0,0,0
0.0,0.0,0.0,0.0,0.0,0.4083618659677486,0.03215138746923979,0.4415054273866927,0.03704942281167944,157.546,157.547,162.708,0,1,1,0,0,0,0,0.0,0,0,0,0,0,0,0,0,0,0
0.0,0.0,0.0,0.0,0.0,0.4083618659677486,2.7505130113831023e-08,0.4119235406850682,0.028494107459885697,157.546,157.547,162.717,0,1,1,0,0,0,0,0.0,0,0,0,0,0,0,0,0,0,0
0.0,0.0,0.0,0.0,0.0,0.22835036922775057,2.7505130113831023e-08,0.373463693822562,0.020737923582156526,157.546,157.546,162.712,0,1,1,0,0,0,0,0.0,0,0,0,0,0,0,0,0,0,0
0.0,0.0,0.0,0.0,0.0,0.7830583541673574,2.7505130113831023e-08,0.4095203521372343,0.012936337552803929,157.546,157.547,162.715,0,1,1,0,0,0,0,0.0,0,0,0,0,0,0,0,0,0,0
