rodada,grupo_teste,feature,importancia
1,par2plyr2h,vel_posicao_media,0.0
1,par2plyr2h,vel_posicao_max,0.0
1,par2plyr2h,aceleracao_media,0.0
1,par2plyr2h,aceleracao_max,0.0
1,par2plyr2h,vel_rotacao_media,0.0
1,par2plyr2h,vel_rotacao_max,0.0
1,par2plyr2h,vel_rotacao_std,0.0
1,par2plyr2h,jitter_medio,0.0
1,par2plyr2h,entropia_media,0.0
1,par2plyr2h,eficiencia_trajeto_media,0.0
1,par2plyr2h,variacao_camera_media,0.0
1,par2plyr2h,angulo_alvo_medio,0.0
1,par2plyr2h,angulo_alvo_min,0.0
1,par2plyr2h,distancia_alvo_media,0.010566037735848431
1,par2plyr2h,distancia_alvo_max,0.0
1,par2plyr2h,taxa_alvo_encontrado,0.0
1,par2plyr2h,taxa_alvo_na_mira,0.0
1,par2plyr2h,taxa_visao_direta,0.0
1,par2plyr2h,taxa_alvo_oculto,0.0
1,par2plyr2h,taxa_mirando_alvo,0.0
1,par2plyr2h,taxa_mira_oculta,0.0
1,par2plyr2h,duracao_rastreando_oculto_max,0.0
1,par2plyr2h,duracao_mirando_oculto_max,0.9894339622641517
2,par3plyr3n,vel_posicao_media,0.0
2,par3plyr3n,vel_posicao_max,0.0
2,par3plyr3n,aceleracao_media,0.0
2,par3plyr3n,aceleracao_max,0.0
2,par3plyr3n,vel_rotacao_media,0.0
2,par3plyr3n,vel_rotacao_max,0.0
2,par3plyr3n,vel_rotacao_std,0.0
2,par3plyr3n,jitter_medio,0.0
2,par3plyr3n,entropia_media,0.0
2,par3plyr3n,eficiencia_trajeto_media,0.0
2,par3plyr3n,variacao_camera_media,0.0
2,par3plyr3n,angulo_alvo_medio,0.0
2,par3plyr3n,angulo_alvo_min,0.0
2,par3plyr3n,distancia_alvo_media,0.014000013752423098
2,par3plyr3n,distancia_alvo_max,0.0
2,par3plyr3n,taxa_alvo_encontrado,0.0
2,par3plyr3n,taxa_alvo_na_mira,0.0
2,par3plyr3n,taxa_visao_direta,0.0
2,par3plyr3n,taxa_alvo_oculto,0.0
2,par3plyr3n,taxa_mirando_alvo,0.0
2,par3plyr3n,taxa_mira_oculta,0.0
2,par3plyr3n,duracao_rastreando_oculto_max,0.0
2,par3plyr3n,duracao_mirando_oculto_max,0.9859999862475769
3,par3plyr3r,vel_posicao_media,0.0
3,par3plyr3r,vel_posicao_max,0.0
3,par3plyr3r,aceleracao_media,0.0
3,par3plyr3r,aceleracao_max,8.4219684248392e-14
3,par3plyr3r,vel_rotacao_media,0.0
3,par3plyr3r,vel_rotacao_max,0.0
3,par3plyr3r,vel_rotacao_std,0.0
3,par3plyr3r,jitter_medio,0.0
3,par3plyr3r,entropia_media,0.0
3,par3plyr3r,eficiencia_trajeto_media,0.00029631413001579256
3,par3plyr3r,variacao_camera_media,2.8829513016885613e-16
3,par3plyr3r,angulo_alvo_medio,0.0
3,par3plyr3r,angulo_alvo_min,0.0
3,par3plyr3r,distancia_alvo_media,0.0
3,par3plyr3r,distancia_alvo_max,0.0
3,par3plyr3r,taxa_alvo_encontrado,0.0
3,par3plyr3r,taxa_alvo_na_mira,0.0
3,par3plyr3r,taxa_visao_direta,0.0
3,par3plyr3r,taxa_alvo_oculto,0.0
3,par3plyr3r,taxa_mirando_alvo,0.0
3,par3plyr3r,taxa_mira_oculta,0.0
3,par3plyr3r,duracao_rastreando_oculto_max,0.0
3,par3plyr3r,duracao_mirando_oculto_max,0.9997036858698997
4,partida_2players1hacker,vel_posicao_media,0.0
4,partida_2players1hacker,vel_posicao_max,0.0
4,partida_2players1hacker,aceleracao_media,0.0
4,partida_2players1hacker,aceleracao_max,3.3090639561502367e-16
4,partida_2players1hacker,vel_rotacao_media,0.0
4,partida_2players1hacker,vel_rotacao_max,0.0
4,partida_2players1hacker,vel_rotacao_std,0.0
4,partida_2players1hacker,jitter_medio,1.5510404767435015e-06
4,partida_2players1hacker,entropia_media,0.0
4,partida_2players1hacker,eficiencia_trajeto_media,0.0
4,partida_2players1hacker,variacao_camera_media,0.0
4,partida_2players1hacker,angulo_alvo_medio,0.0
4,partida_2players1hacker,angulo_alvo_min,0.0
4,partida_2players1hacker,distancia_alvo_media,0.014285772880049518
4,partida_2players1hacker,distancia_alvo_max,0.0
4,partida_2players1hacker,taxa_alvo_encontrado,0.0
4,partida_2players1hacker,taxa_alvo_na_mira,0.0
4,partida_2players1hacker,taxa_visao_direta,0.0
4,partida_2players1hacker,taxa_alvo_oculto,0.0
4,partida_2players1hacker,taxa_mirando_alvo,0.0
4,partida_2players1hacker,taxa_mira_oculta,0.0
4,partida_2players1hacker,duracao_rastreando_oculto_max,0.0
4,partida_2players1hacker,duracao_mirando_oculto_max,0.9857126760794733
